Heart,Intervention,NumClips,Pressure,FlowRate,Pin,Force,ForceDifference,PressureDifference,FlowDifference,ClipOrder,Treatment,AnnularArea,AnnularPerimeter,SLDiameter,APDiameter,CoaptationGapArea
1,Control,0,32.9923294754551,49.3303162742025,1,-0.18963770290247,0,0,0,None,0,952.79773101763,111.890955657804,33.6431896522484,36.127956506293,12.0643958311754
1,Control,0,32.9923294754551,49.3303162742025,2,-0.14586118214613,0,0,0,None,0,952.79773101763,111.890955657804,33.6431896522484,36.127956506293,12.0643958311754
1,Control,0,32.9923294754551,49.3303162742025,3,0.0926456906390821,0,0,0,None,0,952.79773101763,111.890955657804,33.6431896522484,36.127956506293,12.0643958311754
1,Control,0,32.9923294754551,49.3303162742025,4,-0.043769285428602,0,0,0,None,0,952.79773101763,111.890955657804,33.6431896522484,36.127956506293,12.0643958311754
1,Control,0,32.9923294754551,49.3303162742025,5,-0.135953231552507,0,0,0,None,0,952.79773101763,111.890955657804,33.6431896522484,36.127956506293,12.0643958311754
1,Control,0,32.9923294754551,49.3303162742025,6,-0.184386614812556,0,0,0,None,0,952.79773101763,111.890955657804,33.6431896522484,36.127956506293,12.0643958311754
1,Control,0,32.9923294754551,49.3303162742025,7,0.408305865514616,0,0,0,None,0,952.79773101763,111.890955657804,33.6431896522484,36.127956506293,12.0643958311754
1,Control,0,32.9923294754551,49.3303162742025,8,0.0679121851708343,0,0,0,None,0,952.79773101763,111.890955657804,33.6431896522484,36.127956506293,12.0643958311754
2,Control,0,36.0996624246315,51.1271309867417,1,-0.416406413039952,0,0,0,None,0,1296.52499450314,129.134323628768,38.6977268971355,40.6368786595062,9.15611233136835
2,Control,0,36.0996624246315,51.1271309867417,2,-0.154516904278327,0,0,0,None,0,1296.52499450314,129.134323628768,38.6977268971355,40.6368786595062,9.15611233136835
2,Control,0,36.0996624246315,51.1271309867417,3,-0.0452443560941121,0,0,0,None,0,1296.52499450314,129.134323628768,38.6977268971355,40.6368786595062,9.15611233136835
2,Control,0,36.0996624246315,51.1271309867417,4,-0.0658523923218491,0,0,0,None,0,1296.52499450314,129.134323628768,38.6977268971355,40.6368786595062,9.15611233136835
2,Control,0,36.0996624246315,51.1271309867417,5,-0.28621680980026,0,0,0,None,0,1296.52499450314,129.134323628768,38.6977268971355,40.6368786595062,9.15611233136835
2,Control,0,36.0996624246315,51.1271309867417,6,-0.185147926578832,0,0,0,None,0,1296.52499450314,129.134323628768,38.6977268971355,40.6368786595062,9.15611233136835
2,Control,0,36.0996624246315,51.1271309867417,7,-0.132045568259223,0,0,0,None,0,1296.52499450314,129.134323628768,38.6977268971355,40.6368786595062,9.15611233136835
2,Control,0,36.0996624246315,51.1271309867417,8,0.118471740157109,0,0,0,None,0,1296.52499450314,129.134323628768,38.6977268971355,40.6368786595062,9.15611233136835
3,Control,0,36.7018432784289,54.4807015333825,1,-0.256314962885613,0,0,0,None,0,1561.93054511574,144.081583790869,42.8161267807928,37.2176730177185,23.7044537210663
3,Control,0,36.7018432784289,54.4807015333825,2,-0.0520677922405418,0,0,0,None,0,1561.93054511574,144.081583790869,42.8161267807928,37.2176730177185,23.7044537210663
3,Control,0,36.7018432784289,54.4807015333825,3,0.012039103427689,0,0,0,None,0,1561.93054511574,144.081583790869,42.8161267807928,37.2176730177185,23.7044537210663
3,Control,0,36.7018432784289,54.4807015333825,4,-0.0507378046733047,0,0,0,None,0,1561.93054511574,144.081583790869,42.8161267807928,37.2176730177185,23.7044537210663
3,Control,0,36.7018432784289,54.4807015333825,5,-0.197999869192025,0,0,0,None,0,1561.93054511574,144.081583790869,42.8161267807928,37.2176730177185,23.7044537210663
3,Control,0,36.7018432784289,54.4807015333825,6,-0.0412569726502158,0,0,0,None,0,1561.93054511574,144.081583790869,42.8161267807928,37.2176730177185,23.7044537210663
3,Control,0,36.7018432784289,54.4807015333825,7,0.0427862346162082,0,0,0,None,0,1561.93054511574,144.081583790869,42.8161267807928,37.2176730177185,23.7044537210663
3,Control,0,36.7018432784289,54.4807015333825,8,-0.0936583285169477,0,0,0,None,0,1561.93054511574,144.081583790869,42.8161267807928,37.2176730177185,23.7044537210663
4,Control,0,35.169752837755,39.4791906594491,1,-0.423711169528837,0,0,0,None,0,1480.14626275553,140.502458127212,38.2324365440265,40.2770741827427,11.3154307397713
4,Control,0,35.169752837755,39.4791906594491,2,-0.00288041102050906,0,0,0,None,0,1480.14626275553,140.502458127212,38.2324365440265,40.2770741827427,11.3154307397713
4,Control,0,35.169752837755,39.4791906594491,3,0.0267723369766388,0,0,0,None,0,1480.14626275553,140.502458127212,38.2324365440265,40.2770741827427,11.3154307397713
4,Control,0,35.169752837755,39.4791906594491,4,-0.127145108650209,0,0,0,None,0,1480.14626275553,140.502458127212,38.2324365440265,40.2770741827427,11.3154307397713
4,Control,0,35.169752837755,39.4791906594491,5,-0.220112331522911,0,0,0,None,0,1480.14626275553,140.502458127212,38.2324365440265,40.2770741827427,11.3154307397713
4,Control,0,35.169752837755,39.4791906594491,6,-0.142610401334573,0,0,0,None,0,1480.14626275553,140.502458127212,38.2324365440265,40.2770741827427,11.3154307397713
4,Control,0,35.169752837755,39.4791906594491,7,0.0383193227524368,0,0,0,None,0,1480.14626275553,140.502458127212,38.2324365440265,40.2770741827427,11.3154307397713
4,Control,0,35.169752837755,39.4791906594491,8,-0.469934844255114,0,0,0,None,0,1480.14626275553,140.502458127212,38.2324365440265,40.2770741827427,11.3154307397713
5,Control,0,36.973153642473,55.3355928237879,1,-0.194687854849928,0,0,0,None,0,1036.73038080127,117.770721067273,34.8216137928928,34.5370317984777,15.053608581971
5,Control,0,36.973153642473,55.3355928237879,2,-0.0725640159204182,0,0,0,None,0,1036.73038080127,117.770721067273,34.8216137928928,34.5370317984777,15.053608581971
5,Control,0,36.973153642473,55.3355928237879,3,-0.0357506979608763,0,0,0,None,0,1036.73038080127,117.770721067273,34.8216137928928,34.5370317984777,15.053608581971
5,Control,0,36.973153642473,55.3355928237879,4,-0.0528511608806718,0,0,0,None,0,1036.73038080127,117.770721067273,34.8216137928928,34.5370317984777,15.053608581971
5,Control,0,36.973153642473,55.3355928237879,5,-0.13056894194406,0,0,0,None,0,1036.73038080127,117.770721067273,34.8216137928928,34.5370317984777,15.053608581971
5,Control,0,36.973153642473,55.3355928237879,6,-0.1295333407026,0,0,0,None,0,1036.73038080127,117.770721067273,34.8216137928928,34.5370317984777,15.053608581971
5,Control,0,36.973153642473,55.3355928237879,7,-0.0617372994169951,0,0,0,None,0,1036.73038080127,117.770721067273,34.8216137928928,34.5370317984777,15.053608581971
5,Control,0,36.973153642473,55.3355928237879,8,-0.0889997586968393,0,0,0,None,0,1036.73038080127,117.770721067273,34.8216137928928,34.5370317984777,15.053608581971
6,Control,0,37.6355324753326,53.8128140432983,1,-0.12759539187961,0,0,0,None,0,1243.12704687161,128.258583249964,37.6824485782239,35.287473736844,12.830827244027
6,Control,0,37.6355324753326,53.8128140432983,2,-0.0290519158685004,0,0,0,None,0,1243.12704687161,128.258583249964,37.6824485782239,35.287473736844,12.830827244027
6,Control,0,37.6355324753326,53.8128140432983,3,-0.100694957068344,0,0,0,None,0,1243.12704687161,128.258583249964,37.6824485782239,35.287473736844,12.830827244027
6,Control,0,37.6355324753326,53.8128140432983,4,-0.0879862629473142,0,0,0,None,0,1243.12704687161,128.258583249964,37.6824485782239,35.287473736844,12.830827244027
6,Control,0,37.6355324753326,53.8128140432983,5,-0.388330330179636,0,0,0,None,0,1243.12704687161,128.258583249964,37.6824485782239,35.287473736844,12.830827244027
6,Control,0,37.6355324753326,53.8128140432983,6,-0.254725180382486,0,0,0,None,0,1243.12704687161,128.258583249964,37.6824485782239,35.287473736844,12.830827244027
6,Control,0,37.6355324753326,53.8128140432983,7,-0.0213512752710639,0,0,0,None,0,1243.12704687161,128.258583249964,37.6824485782239,35.287473736844,12.830827244027
6,Control,0,37.6355324753326,53.8128140432983,8,-0.594081458500897,0,0,0,None,0,1243.12704687161,128.258583249964,37.6824485782239,35.287473736844,12.830827244027
7,Control,0,34.017092166125,58.1529216853713,1,-0.214393302142979,0,0,0,None,0,792.638545998201,105.351230056814,32.1644957050141,31.5978315105229,25.1530326047985
7,Control,0,34.017092166125,58.1529216853713,2,0.135459556120931,0,0,0,None,0,792.638545998201,105.351230056814,32.1644957050141,31.5978315105229,25.1530326047985
7,Control,0,34.017092166125,58.1529216853713,3,0.071127102204028,0,0,0,None,0,792.638545998201,105.351230056814,32.1644957050141,31.5978315105229,25.1530326047985
7,Control,0,34.017092166125,58.1529216853713,4,-0.0337202787539273,0,0,0,None,0,792.638545998201,105.351230056814,32.1644957050141,31.5978315105229,25.1530326047985
7,Control,0,34.017092166125,58.1529216853713,5,0.0342683265549639,0,0,0,None,0,792.638545998201,105.351230056814,32.1644957050141,31.5978315105229,25.1530326047985
7,Control,0,34.017092166125,58.1529216853713,6,9.40128380329079e-05,0,0,0,None,0,792.638545998201,105.351230056814,32.1644957050141,31.5978315105229,25.1530326047985
7,Control,0,34.017092166125,58.1529216853713,7,0.136533554814253,0,0,0,None,0,792.638545998201,105.351230056814,32.1644957050141,31.5978315105229,25.1530326047985
7,Control,0,34.017092166125,58.1529216853713,8,0.040239791103847,0,0,0,None,0,792.638545998201,105.351230056814,32.1644957050141,31.5978315105229,25.1530326047985
8,Control,0,36.987113984556,56.3742505783732,1,-0.774838203147169,0,0,0,None,0,1009.49266798547,115.285716489858,35.5411543266456,28.2508075938575,13.3871978742161
8,Control,0,36.987113984556,56.3742505783732,2,-0.363045875975249,0,0,0,None,0,1009.49266798547,115.285716489858,35.5411543266456,28.2508075938575,13.3871978742161
8,Control,0,36.987113984556,56.3742505783732,3,0.198069631760686,0,0,0,None,0,1009.49266798547,115.285716489858,35.5411543266456,28.2508075938575,13.3871978742161
8,Control,0,36.987113984556,56.3742505783732,4,-0.0618962857778269,0,0,0,None,0,1009.49266798547,115.285716489858,35.5411543266456,28.2508075938575,13.3871978742161
8,Control,0,36.987113984556,56.3742505783732,5,-0.319546087640611,0,0,0,None,0,1009.49266798547,115.285716489858,35.5411543266456,28.2508075938575,13.3871978742161
8,Control,0,36.987113984556,56.3742505783732,6,-0.373486495320262,0,0,0,None,0,1009.49266798547,115.285716489858,35.5411543266456,28.2508075938575,13.3871978742161
8,Control,0,36.987113984556,56.3742505783732,7,-0.171367827732431,0,0,0,None,0,1009.49266798547,115.285716489858,35.5411543266456,28.2508075938575,13.3871978742161
8,Control,0,36.987113984556,56.3742505783732,8,-0.0732450868160642,0,0,0,None,0,1009.49266798547,115.285716489858,35.5411543266456,28.2508075938575,13.3871978742161
9,Control,0,37.1532725856334,53.8158891273849,1,-0.230604864267903,0,0,0,None,0,1245.47910674011,128.276217482125,36.1863631338837,35.9958204482913,8.90910898874361
9,Control,0,37.1532725856334,53.8158891273849,2,0.104113608865161,0,0,0,None,0,1245.47910674011,128.276217482125,36.1863631338837,35.9958204482913,8.90910898874361
9,Control,0,37.1532725856334,53.8158891273849,3,-0.102010114748979,0,0,0,None,0,1245.47910674011,128.276217482125,36.1863631338837,35.9958204482913,8.90910898874361
9,Control,0,37.1532725856334,53.8158891273849,4,-0.290688220491775,0,0,0,None,0,1245.47910674011,128.276217482125,36.1863631338837,35.9958204482913,8.90910898874361
9,Control,0,37.1532725856334,53.8158891273849,5,-0.419307742492631,0,0,0,None,0,1245.47910674011,128.276217482125,36.1863631338837,35.9958204482913,8.90910898874361
9,Control,0,37.1532725856334,53.8158891273849,6,-0.161912158806246,0,0,0,None,0,1245.47910674011,128.276217482125,36.1863631338837,35.9958204482913,8.90910898874361
9,Control,0,37.1532725856334,53.8158891273849,7,-0.00922222346214199,0,0,0,None,0,1245.47910674011,128.276217482125,36.1863631338837,35.9958204482913,8.90910898874361
9,Control,0,37.1532725856334,53.8158891273849,8,-0.233126217335947,0,0,0,None,0,1245.47910674011,128.276217482125,36.1863631338837,35.9958204482913,8.90910898874361
10,Control,0,34.0597267141485,56.1132417095095,1,-0.447062636446152,0,0,0,None,0,1631.74889559937,146.654438867013,44.6068838418478,37.4581984487037,10.2438959284776
10,Control,0,34.0597267141485,56.1132417095095,2,-0.145247061332506,0,0,0,None,0,1631.74889559937,146.654438867013,44.6068838418478,37.4581984487037,10.2438959284776
10,Control,0,34.0597267141485,56.1132417095095,3,0.029669740175601,0,0,0,None,0,1631.74889559937,146.654438867013,44.6068838418478,37.4581984487037,10.2438959284776
10,Control,0,34.0597267141485,56.1132417095095,4,0.0198410676728052,0,0,0,None,0,1631.74889559937,146.654438867013,44.6068838418478,37.4581984487037,10.2438959284776
10,Control,0,34.0597267141485,56.1132417095095,5,-0.504495343527744,0,0,0,None,0,1631.74889559937,146.654438867013,44.6068838418478,37.4581984487037,10.2438959284776
10,Control,0,34.0597267141485,56.1132417095095,6,-0.184516768527709,0,0,0,None,0,1631.74889559937,146.654438867013,44.6068838418478,37.4581984487037,10.2438959284776
10,Control,0,34.0597267141485,56.1132417095095,7,-0.143922460371601,0,0,0,None,0,1631.74889559937,146.654438867013,44.6068838418478,37.4581984487037,10.2438959284776
10,Control,0,34.0597267141485,56.1132417095095,8,-0.512111256129594,0,0,0,None,0,1631.74889559937,146.654438867013,44.6068838418478,37.4581984487037,10.2438959284776
11,Control,0,34.5621688884972,51.4925497882028,1,-0.0650254282072247,0,0,0,None,0,1281.3309411947,130.878104467544,36.2162170972778,41.240765982097,2.01512021399784
11,Control,0,34.5621688884972,51.4925497882028,2,-0.0583579531183648,0,0,0,None,0,1281.3309411947,130.878104467544,36.2162170972778,41.240765982097,2.01512021399784
11,Control,0,34.5621688884972,51.4925497882028,3,0.0373919416493925,0,0,0,None,0,1281.3309411947,130.878104467544,36.2162170972778,41.240765982097,2.01512021399784
11,Control,0,34.5621688884972,51.4925497882028,4,-0.0949914091564949,0,0,0,None,0,1281.3309411947,130.878104467544,36.2162170972778,41.240765982097,2.01512021399784
11,Control,0,34.5621688884972,51.4925497882028,5,-0.448409049511504,0,0,0,None,0,1281.3309411947,130.878104467544,36.2162170972778,41.240765982097,2.01512021399784
11,Control,0,34.5621688884972,51.4925497882028,6,-0.0576688730945196,0,0,0,None,0,1281.3309411947,130.878104467544,36.2162170972778,41.240765982097,2.01512021399784
11,Control,0,34.5621688884972,51.4925497882028,7,0.0286346256430412,0,0,0,None,0,1281.3309411947,130.878104467544,36.2162170972778,41.240765982097,2.01512021399784
11,Control,0,34.5621688884972,51.4925497882028,8,-0.575996371012392,0,0,0,None,0,1281.3309411947,130.878104467544,36.2162170972778,41.240765982097,2.01512021399784
12,Control,0,36.5252322012335,55.0776626135344,1,-0.615057716038225,0,0,0,None,0,1726.65431987869,150.646691566343,45.4137073719331,50.2491204912085,11.1079976427262
12,Control,0,36.5252322012335,55.0776626135344,2,-0.749992613877712,0,0,0,None,0,1726.65431987869,150.646691566343,45.4137073719331,50.2491204912085,11.1079976427262
12,Control,0,36.5252322012335,55.0776626135344,3,-0.0676734030212924,0,0,0,None,0,1726.65431987869,150.646691566343,45.4137073719331,50.2491204912085,11.1079976427262
12,Control,0,36.5252322012335,55.0776626135344,4,-0.0801638134214017,0,0,0,None,0,1726.65431987869,150.646691566343,45.4137073719331,50.2491204912085,11.1079976427262
12,Control,0,36.5252322012335,55.0776626135344,5,-0.357995438442322,0,0,0,None,0,1726.65431987869,150.646691566343,45.4137073719331,50.2491204912085,11.1079976427262
12,Control,0,36.5252322012335,55.0776626135344,6,-0.278125125607566,0,0,0,None,0,1726.65431987869,150.646691566343,45.4137073719331,50.2491204912085,11.1079976427262
12,Control,0,36.5252322012335,55.0776626135344,7,-0.0626359083128953,0,0,0,None,0,1726.65431987869,150.646691566343,45.4137073719331,50.2491204912085,11.1079976427262
12,Control,0,36.5252322012335,55.0776626135344,8,-0.227936935203465,0,0,0,None,0,1726.65431987869,150.646691566343,45.4137073719331,50.2491204912085,11.1079976427262
13,Control,0,37.1161475457919,50.3441536082599,1,-0.452688638247786,0,0,0,None,0,1184.996614338,123.70142091416,40.5805976573718,37.0235049110002,2.60663274549799
13,Control,0,37.1161475457919,50.3441536082599,2,-0.557857950112968,0,0,0,None,0,1184.996614338,123.70142091416,40.5805976573718,37.0235049110002,2.60663274549799
13,Control,0,37.1161475457919,50.3441536082599,3,-0.0153822605677289,0,0,0,None,0,1184.996614338,123.70142091416,40.5805976573718,37.0235049110002,2.60663274549799
13,Control,0,37.1161475457919,50.3441536082599,4,-0.034712248215865,0,0,0,None,0,1184.996614338,123.70142091416,40.5805976573718,37.0235049110002,2.60663274549799
13,Control,0,37.1161475457919,50.3441536082599,5,-0.222064695892124,0,0,0,None,0,1184.996614338,123.70142091416,40.5805976573718,37.0235049110002,2.60663274549799
13,Control,0,37.1161475457919,50.3441536082599,6,-0.268116194512645,0,0,0,None,0,1184.996614338,123.70142091416,40.5805976573718,37.0235049110002,2.60663274549799
13,Control,0,37.1161475457919,50.3441536082599,7,-0.0240964378080338,0,0,0,None,0,1184.996614338,123.70142091416,40.5805976573718,37.0235049110002,2.60663274549799
13,Control,0,37.1161475457919,50.3441536082599,8,0.0371181468579761,0,0,0,None,0,1184.996614338,123.70142091416,40.5805976573718,37.0235049110002,2.60663274549799
1,AS,1,35.459799156618,25.4170024092993,1,-0.309540162435077,-0.119902459532607,2.46746968116287,-23.9133138649032,First,1,885.882278287191,108.192829077098,32.3473577506906,34.2434646350034,0.35603695702907
1,AS,1,35.459799156618,25.4170024092993,2,-0.343167424128227,-0.197306241982097,2.46746968116287,-23.9133138649032,First,1,885.882278287191,108.192829077098,32.3473577506906,34.2434646350034,0.35603695702907
1,AS,1,35.459799156618,25.4170024092993,3,-0.0518024908949086,-0.144448181533991,2.46746968116287,-23.9133138649032,First,1,885.882278287191,108.192829077098,32.3473577506906,34.2434646350034,0.35603695702907
1,AS,1,35.459799156618,25.4170024092993,4,-0.0367683401149402,0.00700094531366179,2.46746968116287,-23.9133138649032,First,1,885.882278287191,108.192829077098,32.3473577506906,34.2434646350034,0.35603695702907
1,AS,1,35.459799156618,25.4170024092993,5,-0.244730709458675,-0.108777477906168,2.46746968116287,-23.9133138649032,First,1,885.882278287191,108.192829077098,32.3473577506906,34.2434646350034,0.35603695702907
1,AS,1,35.459799156618,25.4170024092993,6,-0.32218720971453,-0.137800594901975,2.46746968116287,-23.9133138649032,First,1,885.882278287191,108.192829077098,32.3473577506906,34.2434646350034,0.35603695702907
1,AS,1,35.459799156618,25.4170024092993,7,0.568607530200428,0.160301664685813,2.46746968116287,-23.9133138649032,First,1,885.882278287191,108.192829077098,32.3473577506906,34.2434646350034,0.35603695702907
1,AS,1,35.459799156618,25.4170024092993,8,-0.235706624826442,-0.303618809997276,2.46746968116287,-23.9133138649032,First,1,885.882278287191,108.192829077098,32.3473577506906,34.2434646350034,0.35603695702907
3,AS,1,39.90003174445,45.5157440483402,1,-0.331530527341855,-0.0752155644562427,3.19818846602107,-8.96495748504221,Second,2,1566.26223620384,142.460727766046,44.0361535681948,36.834032424453,11.8255441479389
3,AS,1,39.90003174445,45.5157440483402,2,-0.252473040413076,-0.200405248172534,3.19818846602107,-8.96495748504221,Second,2,1566.26223620384,142.460727766046,44.0361535681948,36.834032424453,11.8255441479389
3,AS,1,39.90003174445,45.5157440483402,3,-0.200214460412202,-0.212253563839891,3.19818846602107,-8.96495748504221,Second,2,1566.26223620384,142.460727766046,44.0361535681948,36.834032424453,11.8255441479389
3,AS,1,39.90003174445,45.5157440483402,4,-0.0598979226705409,-0.00916011799723618,3.19818846602107,-8.96495748504221,Second,2,1566.26223620384,142.460727766046,44.0361535681948,36.834032424453,11.8255441479389
3,AS,1,39.90003174445,45.5157440483402,5,-0.200492451597113,-0.00249258240508748,3.19818846602107,-8.96495748504221,Second,2,1566.26223620384,142.460727766046,44.0361535681948,36.834032424453,11.8255441479389
3,AS,1,39.90003174445,45.5157440483402,6,-0.058026546611405,-0.0167695739611892,3.19818846602107,-8.96495748504221,Second,2,1566.26223620384,142.460727766046,44.0361535681948,36.834032424453,11.8255441479389
3,AS,1,39.90003174445,45.5157440483402,7,-0.0141612526725322,-0.0569474872887405,3.19818846602107,-8.96495748504221,Second,2,1566.26223620384,142.460727766046,44.0361535681948,36.834032424453,11.8255441479389
3,AS,1,39.90003174445,45.5157440483402,8,-0.173877862982621,-0.0802195344656733,3.19818846602107,-8.96495748504221,Second,2,1566.26223620384,142.460727766046,44.0361535681948,36.834032424453,11.8255441479389
4,AS,1,39.0813524667082,28.2934657226979,1,-0.435157755240511,-0.011446585711674,3.91159962895321,-11.1857249367511,First,1,1220.34952338733,126.670005148455,35.4101247758913,37.1826330400865,1.80342627656033
4,AS,1,39.0813524667082,28.2934657226979,2,-0.208821363163612,-0.205940952143103,3.91159962895321,-11.1857249367511,First,1,1220.34952338733,126.670005148455,35.4101247758913,37.1826330400865,1.80342627656033
4,AS,1,39.0813524667082,28.2934657226979,3,-0.232897570249223,-0.259669907225862,3.91159962895321,-11.1857249367511,First,1,1220.34952338733,126.670005148455,35.4101247758913,37.1826330400865,1.80342627656033
4,AS,1,39.0813524667082,28.2934657226979,4,-0.187191631644782,-0.060046522994573,3.91159962895321,-11.1857249367511,First,1,1220.34952338733,126.670005148455,35.4101247758913,37.1826330400865,1.80342627656033
4,AS,1,39.0813524667082,28.2934657226979,5,-0.240548175602826,-0.0204358440799157,3.91159962895321,-11.1857249367511,First,1,1220.34952338733,126.670005148455,35.4101247758913,37.1826330400865,1.80342627656033
4,AS,1,39.0813524667082,28.2934657226979,6,-0.185305366623838,-0.0426949652892646,3.91159962895321,-11.1857249367511,First,1,1220.34952338733,126.670005148455,35.4101247758913,37.1826330400865,1.80342627656033
4,AS,1,39.0813524667082,28.2934657226979,7,0.0433116544928939,0.00499233174045717,3.91159962895321,-11.1857249367511,First,1,1220.34952338733,126.670005148455,35.4101247758913,37.1826330400865,1.80342627656033
4,AS,1,39.0813524667082,28.2934657226979,8,-0.891612936958368,-0.421678092703254,3.91159962895321,-11.1857249367511,First,1,1220.34952338733,126.670005148455,35.4101247758913,37.1826330400865,1.80342627656033
5,AS,1,38.0185217410563,31.5245847697335,1,-0.390974255907465,-0.196286401057537,1.04536809858338,-23.8110080540544,First,1,978.783492128924,112.66586938675,34.083465666239,32.316834783954,8.27141609258448
5,AS,1,38.0185217410563,31.5245847697335,2,-0.158674589756418,-0.0861105738360002,1.04536809858338,-23.8110080540544,First,1,978.783492128924,112.66586938675,34.083465666239,32.316834783954,8.27141609258448
5,AS,1,38.0185217410563,31.5245847697335,3,-0.0509107927629626,-0.0151600948020863,1.04536809858338,-23.8110080540544,First,1,978.783492128924,112.66586938675,34.083465666239,32.316834783954,8.27141609258448
5,AS,1,38.0185217410563,31.5245847697335,4,-0.0993695001672865,-0.0465183392866147,1.04536809858338,-23.8110080540544,First,1,978.783492128924,112.66586938675,34.083465666239,32.316834783954,8.27141609258448
5,AS,1,38.0185217410563,31.5245847697335,5,-0.23600614351305,-0.10543720156899,1.04536809858338,-23.8110080540544,First,1,978.783492128924,112.66586938675,34.083465666239,32.316834783954,8.27141609258448
5,AS,1,38.0185217410563,31.5245847697335,6,-0.21850225807603,-0.0889689173734296,1.04536809858338,-23.8110080540544,First,1,978.783492128924,112.66586938675,34.083465666239,32.316834783954,8.27141609258448
5,AS,1,38.0185217410563,31.5245847697335,7,-0.147785031195671,-0.0860477317786755,1.04536809858338,-23.8110080540544,First,1,978.783492128924,112.66586938675,34.083465666239,32.316834783954,8.27141609258448
5,AS,1,38.0185217410563,31.5245847697335,8,-0.224111690420032,-0.135111931723193,1.04536809858338,-23.8110080540544,First,1,978.783492128924,112.66586938675,34.083465666239,32.316834783954,8.27141609258448
9,AS,1,38.9235633044525,40.4594225576668,1,-0.28311239825527,-0.0525075339873676,1.77029071881912,-13.3564665697181,Third,7,1379.75322554658,135.803890603395,37.3770059229916,38.7348162963856,3.2965022321014
9,AS,1,38.9235633044525,40.4594225576668,2,0.091379854673791,-0.0127337541913698,1.77029071881912,-13.3564665697181,Third,7,1379.75322554658,135.803890603395,37.3770059229916,38.7348162963856,3.2965022321014
9,AS,1,38.9235633044525,40.4594225576668,3,-0.0138002987945709,0.0882098159544085,1.77029071881912,-13.3564665697181,Third,7,1379.75322554658,135.803890603395,37.3770059229916,38.7348162963856,3.2965022321014
9,AS,1,38.9235633044525,40.4594225576668,4,-0.141681458590581,0.149006761901194,1.77029071881912,-13.3564665697181,Third,7,1379.75322554658,135.803890603395,37.3770059229916,38.7348162963856,3.2965022321014
9,AS,1,38.9235633044525,40.4594225576668,5,-0.545955919263918,-0.126648176771287,1.77029071881912,-13.3564665697181,Third,7,1379.75322554658,135.803890603395,37.3770059229916,38.7348162963856,3.2965022321014
9,AS,1,38.9235633044525,40.4594225576668,6,-0.11016689960291,0.051745259203336,1.77029071881912,-13.3564665697181,Third,7,1379.75322554658,135.803890603395,37.3770059229916,38.7348162963856,3.2965022321014
9,AS,1,38.9235633044525,40.4594225576668,7,-0.00957630394746982,-0.000354080485327826,1.77029071881912,-13.3564665697181,Third,7,1379.75322554658,135.803890603395,37.3770059229916,38.7348162963856,3.2965022321014
9,AS,1,38.9235633044525,40.4594225576668,8,0.0322217339844332,0.26534795132038,1.77029071881912,-13.3564665697181,Third,7,1379.75322554658,135.803890603395,37.3770059229916,38.7348162963856,3.2965022321014
10,AS,1,34.2206582370781,50.9429432013059,1,-0.275426854093823,0.171635782352329,0.160931522929623,-5.17029850820357,First,8,1389.36644953823,135.873512679376,40.937800189171,34.9383566955187,3.33444561988171
10,AS,1,34.2206582370781,50.9429432013059,2,-0.432187188186019,-0.286940126853513,0.160931522929623,-5.17029850820357,First,8,1389.36644953823,135.873512679376,40.937800189171,34.9383566955187,3.33444561988171
10,AS,1,34.2206582370781,50.9429432013059,3,-0.25257116653809,-0.282240906713691,0.160931522929623,-5.17029850820357,First,8,1389.36644953823,135.873512679376,40.937800189171,34.9383566955187,3.33444561988171
10,AS,1,34.2206582370781,50.9429432013059,4,-0.0133691103266936,-0.0332101779994987,0.160931522929623,-5.17029850820357,First,8,1389.36644953823,135.873512679376,40.937800189171,34.9383566955187,3.33444561988171
10,AS,1,34.2206582370781,50.9429432013059,5,-0.476609079058846,0.0278862644688975,0.160931522929623,-5.17029850820357,First,8,1389.36644953823,135.873512679376,40.937800189171,34.9383566955187,3.33444561988171
10,AS,1,34.2206582370781,50.9429432013059,6,-0.197932649095535,-0.0134158805678253,0.160931522929623,-5.17029850820357,First,8,1389.36644953823,135.873512679376,40.937800189171,34.9383566955187,3.33444561988171
10,AS,1,34.2206582370781,50.9429432013059,7,-0.309910454074443,-0.165987993702842,0.160931522929623,-5.17029850820357,First,8,1389.36644953823,135.873512679376,40.937800189171,34.9383566955187,3.33444561988171
10,AS,1,34.2206582370781,50.9429432013059,8,-0.690730920934377,-0.178619664804783,0.160931522929623,-5.17029850820357,First,8,1389.36644953823,135.873512679376,40.937800189171,34.9383566955187,3.33444561988171
11,AS,1,34.721576689623,28.1706174031481,1,-0.0585699883685519,0.00645543983867283,0.159407801125823,-23.3219323850547,Second,2,1326.00397885055,131.907022851232,35.6670430780229,44.1245991093213,0
11,AS,1,34.721576689623,28.1706174031481,2,-0.0773523499515393,-0.0189943968331745,0.159407801125823,-23.3219323850547,Second,2,1326.00397885055,131.907022851232,35.6670430780229,44.1245991093213,0
11,AS,1,34.721576689623,28.1706174031481,3,0.0464626527326055,0.009070711083213,0.159407801125823,-23.3219323850547,Second,2,1326.00397885055,131.907022851232,35.6670430780229,44.1245991093213,0
11,AS,1,34.721576689623,28.1706174031481,4,-0.0448458480232474,0.0501455611332474,0.159407801125823,-23.3219323850547,Second,2,1326.00397885055,131.907022851232,35.6670430780229,44.1245991093213,0
11,AS,1,34.721576689623,28.1706174031481,5,-0.368860549077084,0.0795485004344194,0.159407801125823,-23.3219323850547,Second,2,1326.00397885055,131.907022851232,35.6670430780229,44.1245991093213,0
11,AS,1,34.721576689623,28.1706174031481,6,-0.109856248079726,-0.052187374985206,0.159407801125823,-23.3219323850547,Second,2,1326.00397885055,131.907022851232,35.6670430780229,44.1245991093213,0
11,AS,1,34.721576689623,28.1706174031481,7,-0.0376509906109714,-0.0662856162540127,0.159407801125823,-23.3219323850547,Second,2,1326.00397885055,131.907022851232,35.6670430780229,44.1245991093213,0
11,AS,1,34.721576689623,28.1706174031481,8,-0.509099665731532,0.0668967052808603,0.159407801125823,-23.3219323850547,Second,2,1326.00397885055,131.907022851232,35.6670430780229,44.1245991093213,0
12,AS,1,36.3830739783646,37.5367997685228,1,-0.483541531832811,0.131516184205414,-0.142158222868865,-17.5408628450116,First,8,732.55046485654,98.5727149862682,28.475182136655,33.0730167755771,1.95593232777207
12,AS,1,36.3830739783646,37.5367997685228,2,-0.727445971053565,0.0225466428241478,-0.142158222868865,-17.5408628450116,First,8,732.55046485654,98.5727149862682,28.475182136655,33.0730167755771,1.95593232777207
12,AS,1,36.3830739783646,37.5367997685228,3,-0.378066779030991,-0.310393376009699,-0.142158222868865,-17.5408628450116,First,8,732.55046485654,98.5727149862682,28.475182136655,33.0730167755771,1.95593232777207
12,AS,1,36.3830739783646,37.5367997685228,4,-0.115490104830133,-0.0353262914087308,-0.142158222868865,-17.5408628450116,First,8,732.55046485654,98.5727149862682,28.475182136655,33.0730167755771,1.95593232777207
12,AS,1,36.3830739783646,37.5367997685228,5,-0.300221506880936,0.0577739315613865,-0.142158222868865,-17.5408628450116,First,8,732.55046485654,98.5727149862682,28.475182136655,33.0730167755771,1.95593232777207
12,AS,1,36.3830739783646,37.5367997685228,6,-0.277331601900283,0.000793523707282973,-0.142158222868865,-17.5408628450116,First,8,732.55046485654,98.5727149862682,28.475182136655,33.0730167755771,1.95593232777207
12,AS,1,36.3830739783646,37.5367997685228,7,-0.119169690149227,-0.0565337818363321,-0.142158222868865,-17.5408628450116,First,8,732.55046485654,98.5727149862682,28.475182136655,33.0730167755771,1.95593232777207
12,AS,1,36.3830739783646,37.5367997685228,8,-0.41504228503435,-0.187105349830885,-0.142158222868865,-17.5408628450116,First,8,732.55046485654,98.5727149862682,28.475182136655,33.0730167755771,1.95593232777207
13,AS,1,37.5227268716605,18.079887925175,1,-0.423945059579605,0.0287435786681803,0.406579325868613,-32.2642656830849,First,9,1156.55328513671,121.81861729978,39.4829841113305,37.2088523951431,0
13,AS,1,37.5227268716605,18.079887925175,2,-0.413648971583631,0.144208978529337,0.406579325868613,-32.2642656830849,First,9,1156.55328513671,121.81861729978,39.4829841113305,37.2088523951431,0
13,AS,1,37.5227268716605,18.079887925175,3,-0.065353875649818,-0.0499716150820891,0.406579325868613,-32.2642656830849,First,9,1156.55328513671,121.81861729978,39.4829841113305,37.2088523951431,0
13,AS,1,37.5227268716605,18.079887925175,4,-0.0230425177203941,0.0116697304954709,0.406579325868613,-32.2642656830849,First,9,1156.55328513671,121.81861729978,39.4829841113305,37.2088523951431,0
13,AS,1,37.5227268716605,18.079887925175,5,-0.226808472874264,-0.0047437769821399,0.406579325868613,-32.2642656830849,First,9,1156.55328513671,121.81861729978,39.4829841113305,37.2088523951431,0
13,AS,1,37.5227268716605,18.079887925175,6,-0.424781861946378,-0.156665667433733,0.406579325868613,-32.2642656830849,First,9,1156.55328513671,121.81861729978,39.4829841113305,37.2088523951431,0
13,AS,1,37.5227268716605,18.079887925175,7,-0.146239109249883,-0.122142671441849,0.406579325868613,-32.2642656830849,First,9,1156.55328513671,121.81861729978,39.4829841113305,37.2088523951431,0
13,AS,1,37.5227268716605,18.079887925175,8,-0.353099053887017,-0.390217200744993,0.406579325868613,-32.2642656830849,First,9,1156.55328513671,121.81861729978,39.4829841113305,37.2088523951431,0
2,AP,1,35.6933147561913,50.7825212192736,1,-0.416754289107,-0.000347876067047226,-0.406347668440219,-0.344609767468086,First,3,1392.93739799343,133.270269551421,40.7851603481832,41.6859536551725,1.40160077975069
2,AP,1,35.6933147561913,50.7825212192736,2,-0.264743606506886,-0.110226702228559,-0.406347668440219,-0.344609767468086,First,3,1392.93739799343,133.270269551421,40.7851603481832,41.6859536551725,1.40160077975069
2,AP,1,35.6933147561913,50.7825212192736,3,-0.0521583731021542,-0.00691401700804212,-0.406347668440219,-0.344609767468086,First,3,1392.93739799343,133.270269551421,40.7851603481832,41.6859536551725,1.40160077975069
2,AP,1,35.6933147561913,50.7825212192736,4,-0.0831138993091002,-0.0172615069872511,-0.406347668440219,-0.344609767468086,First,3,1392.93739799343,133.270269551421,40.7851603481832,41.6859536551725,1.40160077975069
2,AP,1,35.6933147561913,50.7825212192736,5,-0.317464829470445,-0.031248019670185,-0.406347668440219,-0.344609767468086,First,3,1392.93739799343,133.270269551421,40.7851603481832,41.6859536551725,1.40160077975069
2,AP,1,35.6933147561913,50.7825212192736,6,-0.165370730506494,0.0197771960723375,-0.406347668440219,-0.344609767468086,First,3,1392.93739799343,133.270269551421,40.7851603481832,41.6859536551725,1.40160077975069
2,AP,1,35.6933147561913,50.7825212192736,7,-0.120082561564246,0.0119630066949771,-0.406347668440219,-0.344609767468086,First,3,1392.93739799343,133.270269551421,40.7851603481832,41.6859536551725,1.40160077975069
2,AP,1,35.6933147561913,50.7825212192736,8,0.0919582626283179,-0.0265134775287911,-0.406347668440219,-0.344609767468086,First,3,1392.93739799343,133.270269551421,40.7851603481832,41.6859536551725,1.40160077975069
4,AP,1,40.8549549148299,34.0459612270781,1,-0.610414790715006,-0.186703621186169,5.68520207707483,-5.43322943237101,Second,1,1492.19176531148,140.454251568931,38.5452941875791,41.2953670744392,6.58841849306233
4,AP,1,40.8549549148299,34.0459612270781,2,-0.0403089083116394,-0.0374284972911304,5.68520207707483,-5.43322943237101,Second,1,1492.19176531148,140.454251568931,38.5452941875791,41.2953670744392,6.58841849306233
4,AP,1,40.8549549148299,34.0459612270781,3,0.00345446694331957,-0.0233178700333193,5.68520207707483,-5.43322943237101,Second,1,1492.19176531148,140.454251568931,38.5452941875791,41.2953670744392,6.58841849306233
4,AP,1,40.8549549148299,34.0459612270781,4,-0.148800774854741,-0.0216556662045314,5.68520207707483,-5.43322943237101,Second,1,1492.19176531148,140.454251568931,38.5452941875791,41.2953670744392,6.58841849306233
4,AP,1,40.8549549148299,34.0459612270781,5,-0.249513800909349,-0.0294014693864383,5.68520207707483,-5.43322943237101,Second,1,1492.19176531148,140.454251568931,38.5452941875791,41.2953670744392,6.58841849306233
4,AP,1,40.8549549148299,34.0459612270781,6,-0.224854887992507,-0.0822444866579332,5.68520207707483,-5.43322943237101,Second,1,1492.19176531148,140.454251568931,38.5452941875791,41.2953670744392,6.58841849306233
4,AP,1,40.8549549148299,34.0459612270781,7,0.046966168304658,0.0086468455522212,5.68520207707483,-5.43322943237101,Second,1,1492.19176531148,140.454251568931,38.5452941875791,41.2953670744392,6.58841849306233
4,AP,1,40.8549549148299,34.0459612270781,8,-0.542286028275273,-0.072351184020159,5.68520207707483,-5.43322943237101,Second,1,1492.19176531148,140.454251568931,38.5452941875791,41.2953670744392,6.58841849306233
5,AP,1,36.4846731713543,24.8071299840465,1,-0.301296546558262,-0.106608691708334,-0.488480471118628,-30.5284628397415,Second,1,997.529577150636,114.269216069545,35.1362208267544,33.2351022996503,0
5,AP,1,36.4846731713543,24.8071299840465,2,-0.168091319462366,-0.095527303541948,-0.488480471118628,-30.5284628397415,Second,1,997.529577150636,114.269216069545,35.1362208267544,33.2351022996503,0
5,AP,1,36.4846731713543,24.8071299840465,3,-0.0314485116584707,0.00430218630240552,-0.488480471118628,-30.5284628397415,Second,1,997.529577150636,114.269216069545,35.1362208267544,33.2351022996503,0
5,AP,1,36.4846731713543,24.8071299840465,4,-0.0878715004194103,-0.0350203395387385,-0.488480471118628,-30.5284628397415,Second,1,997.529577150636,114.269216069545,35.1362208267544,33.2351022996503,0
5,AP,1,36.4846731713543,24.8071299840465,5,-0.219200317150663,-0.088631375206603,-0.488480471118628,-30.5284628397415,Second,1,997.529577150636,114.269216069545,35.1362208267544,33.2351022996503,0
5,AP,1,36.4846731713543,24.8071299840465,6,-0.237235643649946,-0.107702302947346,-0.488480471118628,-30.5284628397415,Second,1,997.529577150636,114.269216069545,35.1362208267544,33.2351022996503,0
5,AP,1,36.4846731713543,24.8071299840465,7,0.0126324355884713,0.0743697350054663,-0.488480471118628,-30.5284628397415,Second,1,997.529577150636,114.269216069545,35.1362208267544,33.2351022996503,0
5,AP,1,36.4846731713543,24.8071299840465,8,0.118735792961527,0.207735551658366,-0.488480471118628,-30.5284628397415,Second,1,997.529577150636,114.269216069545,35.1362208267544,33.2351022996503,0
6,AP,1,37.9640615065826,29.8152702388013,1,-0.250002696749131,-0.122407304869521,0.32852903124995,-23.997543804497,Second,6,1313.63543041886,131.43074692004,38.740785844207,37.0597363602548,5.92843182646333
6,AP,1,37.9640615065826,29.8152702388013,2,-0.1068461086488,-0.0777941927802998,0.32852903124995,-23.997543804497,Second,6,1313.63543041886,131.43074692004,38.740785844207,37.0597363602548,5.92843182646333
6,AP,1,37.9640615065826,29.8152702388013,3,-0.183822748934312,-0.0831277918659684,0.32852903124995,-23.997543804497,Second,6,1313.63543041886,131.43074692004,38.740785844207,37.0597363602548,5.92843182646333
6,AP,1,37.9640615065826,29.8152702388013,4,-0.0840815147110209,0.00390474823629332,0.32852903124995,-23.997543804497,Second,6,1313.63543041886,131.43074692004,38.740785844207,37.0597363602548,5.92843182646333
6,AP,1,37.9640615065826,29.8152702388013,5,-0.619693797954734,-0.231363467775098,0.32852903124995,-23.997543804497,Second,6,1313.63543041886,131.43074692004,38.740785844207,37.0597363602548,5.92843182646333
6,AP,1,37.9640615065826,29.8152702388013,6,-0.435571793931134,-0.180846613548648,0.32852903124995,-23.997543804497,Second,6,1313.63543041886,131.43074692004,38.740785844207,37.0597363602548,5.92843182646333
6,AP,1,37.9640615065826,29.8152702388013,7,-0.0219505590042254,-0.000599283733161544,0.32852903124995,-23.997543804497,Second,6,1313.63543041886,131.43074692004,38.740785844207,37.0597363602548,5.92843182646333
6,AP,1,37.9640615065826,29.8152702388013,8,-0.820296068726413,-0.226214610225516,0.32852903124995,-23.997543804497,Second,6,1313.63543041886,131.43074692004,38.740785844207,37.0597363602548,5.92843182646333
7,AP,1,34.8076038207967,44.1545067018583,1,-0.570435595729889,-0.35604229358691,0.790511654671676,-13.998414983513,Second,6,784.327644315129,101.976628595205,32.9810376862863,31.2387139926812,10.1690922433873
7,AP,1,34.8076038207967,44.1545067018583,2,-0.130586361790232,-0.266045917911163,0.790511654671676,-13.998414983513,Second,6,784.327644315129,101.976628595205,32.9810376862863,31.2387139926812,10.1690922433873
7,AP,1,34.8076038207967,44.1545067018583,3,0.0655704768842598,-0.00555662531976818,0.790511654671676,-13.998414983513,Second,6,784.327644315129,101.976628595205,32.9810376862863,31.2387139926812,10.1690922433873
7,AP,1,34.8076038207967,44.1545067018583,4,-0.0200453303536246,0.0136749484003027,0.790511654671676,-13.998414983513,Second,6,784.327644315129,101.976628595205,32.9810376862863,31.2387139926812,10.1690922433873
7,AP,1,34.8076038207967,44.1545067018583,5,0.0812259212338833,0.0469575946789195,0.790511654671676,-13.998414983513,Second,6,784.327644315129,101.976628595205,32.9810376862863,31.2387139926812,10.1690922433873
7,AP,1,34.8076038207967,44.1545067018583,6,-0.0138116646954099,-0.0139056775334429,0.790511654671676,-13.998414983513,Second,6,784.327644315129,101.976628595205,32.9810376862863,31.2387139926812,10.1690922433873
7,AP,1,34.8076038207967,44.1545067018583,7,0.205970174379241,0.0694366195649875,0.790511654671676,-13.998414983513,Second,6,784.327644315129,101.976628595205,32.9810376862863,31.2387139926812,10.1690922433873
7,AP,1,34.8076038207967,44.1545067018583,8,0.15062287390854,0.110383082804693,0.790511654671676,-13.998414983513,Second,6,784.327644315129,101.976628595205,32.9810376862863,31.2387139926812,10.1690922433873
9,AP,1,36.9992073610174,51.2093672196243,1,-0.31765381137311,-0.087048947105207,-0.154065224615948,-2.60652190776055,Second,7,1357.71860312818,133.304150928089,37.8732326086889,37.8740461869656,10.6259085239426
9,AP,1,36.9992073610174,51.2093672196243,2,0.0967103271713761,-0.00740328169378468,-0.154065224615948,-2.60652190776055,Second,7,1357.71860312818,133.304150928089,37.8732326086889,37.8740461869656,10.6259085239426
9,AP,1,36.9992073610174,51.2093672196243,3,-0.0565525912186741,0.0454575235303053,-0.154065224615948,-2.60652190776055,Second,7,1357.71860312818,133.304150928089,37.8732326086889,37.8740461869656,10.6259085239426
9,AP,1,36.9992073610174,51.2093672196243,4,-0.128016063382209,0.162672157109566,-0.154065224615948,-2.60652190776055,Second,7,1357.71860312818,133.304150928089,37.8732326086889,37.8740461869656,10.6259085239426
9,AP,1,36.9992073610174,51.2093672196243,5,-0.65660461673317,-0.237296874240539,-0.154065224615948,-2.60652190776055,Second,7,1357.71860312818,133.304150928089,37.8732326086889,37.8740461869656,10.6259085239426
9,AP,1,36.9992073610174,51.2093672196243,6,-0.131759883445469,0.0301522753607772,-0.154065224615948,-2.60652190776055,Second,7,1357.71860312818,133.304150928089,37.8732326086889,37.8740461869656,10.6259085239426
9,AP,1,36.9992073610174,51.2093672196243,7,-0.0286789753481545,-0.0194567518860125,-0.154065224615948,-2.60652190776055,Second,7,1357.71860312818,133.304150928089,37.8732326086889,37.8740461869656,10.6259085239426
9,AP,1,36.9992073610174,51.2093672196243,8,-0.0696888725605891,0.163437344775358,-0.154065224615948,-2.60652190776055,Second,7,1357.71860312818,133.304150928089,37.8732326086889,37.8740461869656,10.6259085239426
10,AP,1,31.9986548401487,47.1965115982294,1,-0.0849267480483318,0.36213588839782,-2.0610718739998,-8.91673011128006,Second,8,1556.01784553772,142.677952274847,42.5928361915038,37.5756742698362,12.7403361330043
10,AP,1,31.9986548401487,47.1965115982294,2,-0.0232442252911663,0.122002836041339,-2.0610718739998,-8.91673011128006,Second,8,1556.01784553772,142.677952274847,42.5928361915038,37.5756742698362,12.7403361330043
10,AP,1,31.9986548401487,47.1965115982294,3,-0.00309032952026108,-0.0327600696958621,-2.0610718739998,-8.91673011128006,Second,8,1556.01784553772,142.677952274847,42.5928361915038,37.5756742698362,12.7403361330043
10,AP,1,31.9986548401487,47.1965115982294,4,-0.00810113711853964,-0.0279422047913448,-2.0610718739998,-8.91673011128006,Second,8,1556.01784553772,142.677952274847,42.5928361915038,37.5756742698362,12.7403361330043
10,AP,1,31.9986548401487,47.1965115982294,5,-0.118935927537458,0.385559415990286,-2.0610718739998,-8.91673011128006,Second,8,1556.01784553772,142.677952274847,42.5928361915038,37.5756742698362,12.7403361330043
10,AP,1,31.9986548401487,47.1965115982294,6,0.000970933883650102,0.185487702411359,-2.0610718739998,-8.91673011128006,Second,8,1556.01784553772,142.677952274847,42.5928361915038,37.5756742698362,12.7403361330043
10,AP,1,31.9986548401487,47.1965115982294,7,-0.0297526660870949,0.114169794284506,-2.0610718739998,-8.91673011128006,Second,8,1556.01784553772,142.677952274847,42.5928361915038,37.5756742698362,12.7403361330043
10,AP,1,31.9986548401487,47.1965115982294,8,-0.1433571523044,0.368754103825194,-2.0610718739998,-8.91673011128006,Second,8,1556.01784553772,142.677952274847,42.5928361915038,37.5756742698362,12.7403361330043
12,AP,1,35.634909276022,42.3260156839839,1,-0.613005825558477,0.00205189047974841,-0.890322925211422,-12.7516469295505,Second,8,1718.45965938488,149.778725427452,43.4394890169346,49.0458953489297,3.21743209070123
12,AP,1,35.634909276022,42.3260156839839,2,-0.71925187450055,0.0307407393771623,-0.890322925211422,-12.7516469295505,Second,8,1718.45965938488,149.778725427452,43.4394890169346,49.0458953489297,3.21743209070123
12,AP,1,35.634909276022,42.3260156839839,3,-0.132659023396148,-0.0649856203748554,-0.890322925211422,-12.7516469295505,Second,8,1718.45965938488,149.778725427452,43.4394890169346,49.0458953489297,3.21743209070123
12,AP,1,35.634909276022,42.3260156839839,4,-0.0226631718033611,0.0575006416180406,-0.890322925211422,-12.7516469295505,Second,8,1718.45965938488,149.778725427452,43.4394890169346,49.0458953489297,3.21743209070123
12,AP,1,35.634909276022,42.3260156839839,5,-0.208222455542542,0.14977298289978,-0.890322925211422,-12.7516469295505,Second,8,1718.45965938488,149.778725427452,43.4394890169346,49.0458953489297,3.21743209070123
12,AP,1,35.634909276022,42.3260156839839,6,-0.279139492756107,-0.00101436714854097,-0.890322925211422,-12.7516469295505,Second,8,1718.45965938488,149.778725427452,43.4394890169346,49.0458953489297,3.21743209070123
12,AP,1,35.634909276022,42.3260156839839,7,0.0240492973687061,0.0866852056816014,-0.890322925211422,-12.7516469295505,Second,8,1718.45965938488,149.778725427452,43.4394890169346,49.0458953489297,3.21743209070123
12,AP,1,35.634909276022,42.3260156839839,8,-0.159407923616052,0.0685290115874133,-0.890322925211422,-12.7516469295505,Second,8,1718.45965938488,149.778725427452,43.4394890169346,49.0458953489297,3.21743209070123
13,AP,1,35.4782568549213,33.2033405085761,1,-0.790147271362765,-0.33745863311498,-1.63789069087054,-17.1408130996838,Third,9,1276.4467778909,128.288729855379,40.5486500610843,37.8126742623135,0
13,AP,1,35.4782568549213,33.2033405085761,2,-0.257312830437077,0.30054511967589,-1.63789069087054,-17.1408130996838,Third,9,1276.4467778909,128.288729855379,40.5486500610843,37.8126742623135,0
13,AP,1,35.4782568549213,33.2033405085761,3,0.00987149996471727,0.0252537605324461,-1.63789069087054,-17.1408130996838,Third,9,1276.4467778909,128.288729855379,40.5486500610843,37.8126742623135,0
13,AP,1,35.4782568549213,33.2033405085761,4,-0.027498042344208,0.00721420587165696,-1.63789069087054,-17.1408130996838,Third,9,1276.4467778909,128.288729855379,40.5486500610843,37.8126742623135,0
13,AP,1,35.4782568549213,33.2033405085761,5,-0.195340562754108,0.0267241331380161,-1.63789069087054,-17.1408130996838,Third,9,1276.4467778909,128.288729855379,40.5486500610843,37.8126742623135,0
13,AP,1,35.4782568549213,33.2033405085761,6,-0.295778054608129,-0.0276618600954841,-1.63789069087054,-17.1408130996838,Third,9,1276.4467778909,128.288729855379,40.5486500610843,37.8126742623135,0
13,AP,1,35.4782568549213,33.2033405085761,7,0.1877668125453,0.211863250353333,-1.63789069087054,-17.1408130996838,Third,9,1276.4467778909,128.288729855379,40.5486500610843,37.8126742623135,0
13,AP,1,35.4782568549213,33.2033405085761,8,0.225437828995092,0.188319682137116,-1.63789069087054,-17.1408130996838,Third,9,1276.4467778909,128.288729855379,40.5486500610843,37.8126742623135,0
2,SP,1,36.0901749969793,37.1529079744029,1,-0.418122474178694,-0.00171606113874145,-0.00948742765226029,-13.9742230123387,Second,3,1318.71001200166,130.889141817869,39.9623120827936,39.1874631015098,5.10450076154463
2,SP,1,36.0901749969793,37.1529079744029,2,-0.185536362996861,-0.031019458718534,-0.00948742765226029,-13.9742230123387,Second,3,1318.71001200166,130.889141817869,39.9623120827936,39.1874631015098,5.10450076154463
2,SP,1,36.0901749969793,37.1529079744029,3,-0.0675463802035607,-0.0223020241094486,-0.00948742765226029,-13.9742230123387,Second,3,1318.71001200166,130.889141817869,39.9623120827936,39.1874631015098,5.10450076154463
2,SP,1,36.0901749969793,37.1529079744029,4,-0.112704010029336,-0.0468516177074872,-0.00948742765226029,-13.9742230123387,Second,3,1318.71001200166,130.889141817869,39.9623120827936,39.1874631015098,5.10450076154463
2,SP,1,36.0901749969793,37.1529079744029,5,-0.307864875956054,-0.0216480661557937,-0.00948742765226029,-13.9742230123387,Second,3,1318.71001200166,130.889141817869,39.9623120827936,39.1874631015098,5.10450076154463
2,SP,1,36.0901749969793,37.1529079744029,6,-0.200894633298835,-0.015746706720003,-0.00948742765226029,-13.9742230123387,Second,3,1318.71001200166,130.889141817869,39.9623120827936,39.1874631015098,5.10450076154463
2,SP,1,36.0901749969793,37.1529079744029,7,-0.122884663640638,0.00916090461858482,-0.00948742765226029,-13.9742230123387,Second,3,1318.71001200166,130.889141817869,39.9623120827936,39.1874631015098,5.10450076154463
2,SP,1,36.0901749969793,37.1529079744029,8,0.0665197276150115,-0.0519520125420976,-0.00948742765226029,-13.9742230123387,Second,3,1318.71001200166,130.889141817869,39.9623120827936,39.1874631015098,5.10450076154463
3,SP,1,37.830538349607,44.8409253006932,1,-0.369482889175129,-0.113167926289517,1.12869507117806,-9.63977623268929,First,2,1482.02570780262,140.095608940831,42.5403053062406,36.6663933189407,11.8404547529014
3,SP,1,37.830538349607,44.8409253006932,2,-0.0913786303675198,-0.0393108381269779,1.12869507117806,-9.63977623268929,First,2,1482.02570780262,140.095608940831,42.5403053062406,36.6663933189407,11.8404547529014
3,SP,1,37.830538349607,44.8409253006932,3,-0.00407575303959829,-0.0161148564672873,1.12869507117806,-9.63977623268929,First,2,1482.02570780262,140.095608940831,42.5403053062406,36.6663933189407,11.8404547529014
3,SP,1,37.830538349607,44.8409253006932,4,-0.159768810790543,-0.109031006117238,1.12869507117806,-9.63977623268929,First,2,1482.02570780262,140.095608940831,42.5403053062406,36.6663933189407,11.8404547529014
3,SP,1,37.830538349607,44.8409253006932,5,-0.388580674945691,-0.190580805753666,1.12869507117806,-9.63977623268929,First,2,1482.02570780262,140.095608940831,42.5403053062406,36.6663933189407,11.8404547529014
3,SP,1,37.830538349607,44.8409253006932,6,-0.0578780437386145,-0.0166210710883987,1.12869507117806,-9.63977623268929,First,2,1482.02570780262,140.095608940831,42.5403053062406,36.6663933189407,11.8404547529014
3,SP,1,37.830538349607,44.8409253006932,7,0.0290129366154501,-0.0137732980007581,1.12869507117806,-9.63977623268929,First,2,1482.02570780262,140.095608940831,42.5403053062406,36.6663933189407,11.8404547529014
3,SP,1,37.830538349607,44.8409253006932,8,-0.272262753090431,-0.178604424573484,1.12869507117806,-9.63977623268929,First,2,1482.02570780262,140.095608940831,42.5403053062406,36.6663933189407,11.8404547529014
6,SP,1,37.3072668051922,45.1481156216548,1,-0.155949423910547,-0.0283540320309368,-0.328265670140425,-8.66469842164345,First,6,1287.82639160434,129.86336589231,38.2462885766959,36.9115773219792,8.22087818033677
6,SP,1,37.3072668051922,45.1481156216548,2,-0.0261436447982741,0.00290827107022623,-0.328265670140425,-8.66469842164345,First,6,1287.82639160434,129.86336589231,38.2462885766959,36.9115773219792,8.22087818033677
6,SP,1,37.3072668051922,45.1481156216548,3,-0.119874710123383,-0.0191797530550395,-0.328265670140425,-8.66469842164345,First,6,1287.82639160434,129.86336589231,38.2462885766959,36.9115773219792,8.22087818033677
6,SP,1,37.3072668051922,45.1481156216548,4,-0.12402391606595,-0.036037653118636,-0.328265670140425,-8.66469842164345,First,6,1287.82639160434,129.86336589231,38.2462885766959,36.9115773219792,8.22087818033677
6,SP,1,37.3072668051922,45.1481156216548,5,-0.540427895391208,-0.152097565211572,-0.328265670140425,-8.66469842164345,First,6,1287.82639160434,129.86336589231,38.2462885766959,36.9115773219792,8.22087818033677
6,SP,1,37.3072668051922,45.1481156216548,6,-0.333506269947315,-0.0787810895648297,-0.328265670140425,-8.66469842164345,First,6,1287.82639160434,129.86336589231,38.2462885766959,36.9115773219792,8.22087818033677
6,SP,1,37.3072668051922,45.1481156216548,7,-0.0220246468485225,-0.000673371577458698,-0.328265670140425,-8.66469842164345,First,6,1287.82639160434,129.86336589231,38.2462885766959,36.9115773219792,8.22087818033677
6,SP,1,37.3072668051922,45.1481156216548,8,-0.793380421459788,-0.199298962958891,-0.328265670140425,-8.66469842164345,First,6,1287.82639160434,129.86336589231,38.2462885766959,36.9115773219792,8.22087818033677
7,SP,1,34.3930056723401,30.5266459135888,1,-0.410949187720828,-0.196555885577849,0.375913506215078,-27.6262757717825,First,6,781.562918103007,101.656522550319,33.4440311833821,31.0442772897193,6.19821509642225
7,SP,1,34.3930056723401,30.5266459135888,2,0.032126693641836,-0.103332862479095,0.375913506215078,-27.6262757717825,First,6,781.562918103007,101.656522550319,33.4440311833821,31.0442772897193,6.19821509642225
7,SP,1,34.3930056723401,30.5266459135888,3,0.202968262771515,0.131841160567487,0.375913506215078,-27.6262757717825,First,6,781.562918103007,101.656522550319,33.4440311833821,31.0442772897193,6.19821509642225
7,SP,1,34.3930056723401,30.5266459135888,4,-0.0367990085588418,-0.00307872980491446,0.375913506215078,-27.6262757717825,First,6,781.562918103007,101.656522550319,33.4440311833821,31.0442772897193,6.19821509642225
7,SP,1,34.3930056723401,30.5266459135888,5,0.0739899839394263,0.0397216573844624,0.375913506215078,-27.6262757717825,First,6,781.562918103007,101.656522550319,33.4440311833821,31.0442772897193,6.19821509642225
7,SP,1,34.3930056723401,30.5266459135888,6,-0.0109136073774537,-0.0110076202154866,0.375913506215078,-27.6262757717825,First,6,781.562918103007,101.656522550319,33.4440311833821,31.0442772897193,6.19821509642225
7,SP,1,34.3930056723401,30.5266459135888,7,0.241338417944149,0.104804863129895,0.375913506215078,-27.6262757717825,First,6,781.562918103007,101.656522550319,33.4440311833821,31.0442772897193,6.19821509642225
7,SP,1,34.3930056723401,30.5266459135888,8,0.134012085964843,0.0937722948609955,0.375913506215078,-27.6262757717825,First,6,781.562918103007,101.656522550319,33.4440311833821,31.0442772897193,6.19821509642225
8,SP,1,36.54472258534,33.8716414466394,1,-0.479389879001313,0.295448324145857,-0.442391399216021,-22.5026091317339,First,2,1078.99120093261,119.423869426347,35.6227681021258,32.3172815499489,1.10209008470671
8,SP,1,36.54472258534,33.8716414466394,2,-0.139433747446565,0.223612128528684,-0.442391399216021,-22.5026091317339,First,2,1078.99120093261,119.423869426347,35.6227681021258,32.3172815499489,1.10209008470671
8,SP,1,36.54472258534,33.8716414466394,3,0.238899768753341,0.0408301369926546,-0.442391399216021,-22.5026091317339,First,2,1078.99120093261,119.423869426347,35.6227681021258,32.3172815499489,1.10209008470671
8,SP,1,36.54472258534,33.8716414466394,4,0.00556226764927287,0.0674585534270998,-0.442391399216021,-22.5026091317339,First,2,1078.99120093261,119.423869426347,35.6227681021258,32.3172815499489,1.10209008470671
8,SP,1,36.54472258534,33.8716414466394,5,-0.293246366356889,0.0262997212837218,-0.442391399216021,-22.5026091317339,First,2,1078.99120093261,119.423869426347,35.6227681021258,32.3172815499489,1.10209008470671
8,SP,1,36.54472258534,33.8716414466394,6,-0.525623440666431,-0.152136945346169,-0.442391399216021,-22.5026091317339,First,2,1078.99120093261,119.423869426347,35.6227681021258,32.3172815499489,1.10209008470671
8,SP,1,36.54472258534,33.8716414466394,7,-0.338408556370132,-0.167040728637701,-0.442391399216021,-22.5026091317339,First,2,1078.99120093261,119.423869426347,35.6227681021258,32.3172815499489,1.10209008470671
8,SP,1,36.54472258534,33.8716414466394,8,-0.244426031544844,-0.171180944728779,-0.442391399216021,-22.5026091317339,First,2,1078.99120093261,119.423869426347,35.6227681021258,32.3172815499489,1.10209008470671
9,SP,1,36.2263322344988,21.8219526850709,1,-0.240062167779011,-0.00945730351110888,-0.926940351134583,-31.9939364423139,First,7,1115.54329271287,122.072116311948,35.7327323185867,34.8334851092375,3.02903650393564
9,SP,1,36.2263322344988,21.8219526850709,2,0.147616395337078,0.0435027864719176,-0.926940351134583,-31.9939364423139,First,7,1115.54329271287,122.072116311948,35.7327323185867,34.8334851092375,3.02903650393564
9,SP,1,36.2263322344988,21.8219526850709,3,-0.0739321856379064,0.028077929111073,-0.926940351134583,-31.9939364423139,First,7,1115.54329271287,122.072116311948,35.7327323185867,34.8334851092375,3.02903650393564
9,SP,1,36.2263322344988,21.8219526850709,4,-0.473723945077815,-0.183035724586041,-0.926940351134583,-31.9939364423139,First,7,1115.54329271287,122.072116311948,35.7327323185867,34.8334851092375,3.02903650393564
9,SP,1,36.2263322344988,21.8219526850709,5,-0.580327309666426,-0.161019567173795,-0.926940351134583,-31.9939364423139,First,7,1115.54329271287,122.072116311948,35.7327323185867,34.8334851092375,3.02903650393564
9,SP,1,36.2263322344988,21.8219526850709,6,-0.156500862903437,0.00541129590280853,-0.926940351134583,-31.9939364423139,First,7,1115.54329271287,122.072116311948,35.7327323185867,34.8334851092375,3.02903650393564
9,SP,1,36.2263322344988,21.8219526850709,7,-0.0754309030136388,-0.0662086795514968,-0.926940351134583,-31.9939364423139,First,7,1115.54329271287,122.072116311948,35.7327323185867,34.8334851092375,3.02903650393564
9,SP,1,36.2263322344988,21.8219526850709,8,-0.558593770118009,-0.325467552782063,-0.926940351134583,-31.9939364423139,First,7,1115.54329271287,122.072116311948,35.7327323185867,34.8334851092375,3.02903650393564
10,SP,1,33.2353088071989,42.2150109571379,1,-0.616865455299413,-0.169802818853261,-0.824417906949577,-13.8982307523716,Third,8,1377.91575423714,133.86488924504,41.44840841575,34.2425085122039,6.19384980206197
10,SP,1,33.2353088071989,42.2150109571379,2,-0.143222281034961,0.00202478029754477,-0.824417906949577,-13.8982307523716,Third,8,1377.91575423714,133.86488924504,41.44840841575,34.2425085122039,6.19384980206197
10,SP,1,33.2353088071989,42.2150109571379,3,0.0208431282602753,-0.00882661191532566,-0.824417906949577,-13.8982307523716,Third,8,1377.91575423714,133.86488924504,41.44840841575,34.2425085122039,6.19384980206197
10,SP,1,33.2353088071989,42.2150109571379,4,-0.0154846767601668,-0.035325744432972,-0.824417906949577,-13.8982307523716,Third,8,1377.91575423714,133.86488924504,41.44840841575,34.2425085122039,6.19384980206197
10,SP,1,33.2353088071989,42.2150109571379,5,-0.667677104120886,-0.163181760593142,-0.824417906949577,-13.8982307523716,Third,8,1377.91575423714,133.86488924504,41.44840841575,34.2425085122039,6.19384980206197
10,SP,1,33.2353088071989,42.2150109571379,6,-0.194225845444366,-0.00970907691665729,-0.824417906949577,-13.8982307523716,Third,8,1377.91575423714,133.86488924504,41.44840841575,34.2425085122039,6.19384980206197
10,SP,1,33.2353088071989,42.2150109571379,7,-0.127150341057063,0.0167721193145378,-0.824417906949577,-13.8982307523716,Third,8,1377.91575423714,133.86488924504,41.44840841575,34.2425085122039,6.19384980206197
10,SP,1,33.2353088071989,42.2150109571379,8,-0.630048454542619,-0.117937198413025,-0.824417906949577,-13.8982307523716,Third,8,1377.91575423714,133.86488924504,41.44840841575,34.2425085122039,6.19384980206197
11,SP,1,35.1334248096438,45.3693437422643,1,-0.0647728082767946,0.000252619930430159,0.571255921146644,-6.12320604593844,First,2,1423.1387438192,137.432645538887,37.6673800704173,44.506579625384,2.79555805384997
11,SP,1,35.1334248096438,45.3693437422643,2,-0.0431805741378116,0.0151773789805532,0.571255921146644,-6.12320604593844,First,2,1423.1387438192,137.432645538887,37.6673800704173,44.506579625384,2.79555805384997
11,SP,1,35.1334248096438,45.3693437422643,3,0.061684442055519,0.0242925004061265,0.571255921146644,-6.12320604593844,First,2,1423.1387438192,137.432645538887,37.6673800704173,44.506579625384,2.79555805384997
11,SP,1,35.1334248096438,45.3693437422643,4,-0.0830218157863825,0.0119695933701124,0.571255921146644,-6.12320604593844,First,2,1423.1387438192,137.432645538887,37.6673800704173,44.506579625384,2.79555805384997
11,SP,1,35.1334248096438,45.3693437422643,5,-0.548424669757602,-0.100015620246099,0.571255921146644,-6.12320604593844,First,2,1423.1387438192,137.432645538887,37.6673800704173,44.506579625384,2.79555805384997
11,SP,1,35.1334248096438,45.3693437422643,6,-0.066941418246767,-0.00927254515224744,0.571255921146644,-6.12320604593844,First,2,1423.1387438192,137.432645538887,37.6673800704173,44.506579625384,2.79555805384997
11,SP,1,35.1334248096438,45.3693437422643,7,0.0478544444701514,0.0192198188271101,0.571255921146644,-6.12320604593844,First,2,1423.1387438192,137.432645538887,37.6673800704173,44.506579625384,2.79555805384997
11,SP,1,35.1334248096438,45.3693437422643,8,-0.582558393414929,-0.006562022402537,0.571255921146644,-6.12320604593844,First,2,1423.1387438192,137.432645538887,37.6673800704173,44.506579625384,2.79555805384997
12,SP,1,36.2731261675145,13.2597664210287,1,-0.74728423359245,-0.132226517554225,-0.252106033718917,-41.8178961925057,Third,8,1422.05260756328,135.969528372448,39.8355661253051,45.6540031784042,0
12,SP,1,36.2731261675145,13.2597664210287,2,-0.613670235339708,0.136322378538004,-0.252106033718917,-41.8178961925057,Third,8,1422.05260756328,135.969528372448,39.8355661253051,45.6540031784042,0
12,SP,1,36.2731261675145,13.2597664210287,3,0.0020070172743567,0.0696804202956491,-0.252106033718917,-41.8178961925057,Third,8,1422.05260756328,135.969528372448,39.8355661253051,45.6540031784042,0
12,SP,1,36.2731261675145,13.2597664210287,4,-0.0724299646828871,0.00773384873851463,-0.252106033718917,-41.8178961925057,Third,8,1422.05260756328,135.969528372448,39.8355661253051,45.6540031784042,0
12,SP,1,36.2731261675145,13.2597664210287,5,-0.34750216256425,0.0104932758780726,-0.252106033718917,-41.8178961925057,Third,8,1422.05260756328,135.969528372448,39.8355661253051,45.6540031784042,0
12,SP,1,36.2731261675145,13.2597664210287,6,-0.287787287076116,-0.00966216146854998,-0.252106033718917,-41.8178961925057,Third,8,1422.05260756328,135.969528372448,39.8355661253051,45.6540031784042,0
12,SP,1,36.2731261675145,13.2597664210287,7,0.0358913800476779,0.0985272883605732,-0.252106033718917,-41.8178961925057,Third,8,1422.05260756328,135.969528372448,39.8355661253051,45.6540031784042,0
12,SP,1,36.2731261675145,13.2597664210287,8,-0.228805579844906,-0.000868644641440985,-0.252106033718917,-41.8178961925057,Third,8,1422.05260756328,135.969528372448,39.8355661253051,45.6540031784042,0
13,SP,1,36.8955604456295,34.8012103102629,1,-0.804647181141825,-0.351958542894039,-0.220587100162355,-15.5429432979969,Second,9,1070.77452817897,117.717482882132,38.3838999417586,35.1867161393015,0
13,SP,1,36.8955604456295,34.8012103102629,2,-0.288625412616014,0.269232537496954,-0.220587100162355,-15.5429432979969,Second,9,1070.77452817897,117.717482882132,38.3838999417586,35.1867161393015,0
13,SP,1,36.8955604456295,34.8012103102629,3,0.0106262571413123,0.0260085177090412,-0.220587100162355,-15.5429432979969,Second,9,1070.77452817897,117.717482882132,38.3838999417586,35.1867161393015,0
13,SP,1,36.8955604456295,34.8012103102629,4,-0.0313844372124396,0.00332781100342535,-0.220587100162355,-15.5429432979969,Second,9,1070.77452817897,117.717482882132,38.3838999417586,35.1867161393015,0
13,SP,1,36.8955604456295,34.8012103102629,5,-0.439980690410111,-0.217915994517987,-0.220587100162355,-15.5429432979969,Second,9,1070.77452817897,117.717482882132,38.3838999417586,35.1867161393015,0
13,SP,1,36.8955604456295,34.8012103102629,6,-0.356637372566267,-0.0885211780536221,-0.220587100162355,-15.5429432979969,Second,9,1070.77452817897,117.717482882132,38.3838999417586,35.1867161393015,0
13,SP,1,36.8955604456295,34.8012103102629,7,0.232988073825337,0.257084511633371,-0.220587100162355,-15.5429432979969,Second,9,1070.77452817897,117.717482882132,38.3838999417586,35.1867161393015,0
13,SP,1,36.8955604456295,34.8012103102629,8,-0.0367325368579667,-0.0738506837159428,-0.220587100162355,-15.5429432979969,Second,9,1070.77452817897,117.717482882132,38.3838999417586,35.1867161393015,0
1,ASAP,2,31.6930742091541,2.57087018728733,1,-0.322827982878702,-0.133190279976232,-1.29925526630098,-46.7594460869152,Multiple,1,908.184405223126,108.751462276104,31.8323564004215,36.1632213195128,0
1,ASAP,2,31.6930742091541,2.57087018728733,2,-0.386293920960388,-0.240432738814258,-1.29925526630098,-46.7594460869152,Multiple,1,908.184405223126,108.751462276104,31.8323564004215,36.1632213195128,0
1,ASAP,2,31.6930742091541,2.57087018728733,3,-0.240660345868249,-0.333306036507331,-1.29925526630098,-46.7594460869152,Multiple,1,908.184405223126,108.751462276104,31.8323564004215,36.1632213195128,0
1,ASAP,2,31.6930742091541,2.57087018728733,4,-0.0590351158791709,-0.0152658304505689,-1.29925526630098,-46.7594460869152,Multiple,1,908.184405223126,108.751462276104,31.8323564004215,36.1632213195128,0
1,ASAP,2,31.6930742091541,2.57087018728733,5,-0.317584517179683,-0.181631285627177,-1.29925526630098,-46.7594460869152,Multiple,1,908.184405223126,108.751462276104,31.8323564004215,36.1632213195128,0
1,ASAP,2,31.6930742091541,2.57087018728733,6,-0.581716203878717,-0.397329589066161,-1.29925526630098,-46.7594460869152,Multiple,1,908.184405223126,108.751462276104,31.8323564004215,36.1632213195128,0
1,ASAP,2,31.6930742091541,2.57087018728733,7,0.54484768358957,0.136541818074954,-1.29925526630098,-46.7594460869152,Multiple,1,908.184405223126,108.751462276104,31.8323564004215,36.1632213195128,0
1,ASAP,2,31.6930742091541,2.57087018728733,8,-0.0962473140555422,-0.164159499226376,-1.29925526630098,-46.7594460869152,Multiple,1,908.184405223126,108.751462276104,31.8323564004215,36.1632213195128,0
4,ASAP,2,33.3564384209062,36.8315369610161,1,-0.320393224848239,0.103317944680597,-1.81331441684883,-2.64765369843295,Multiple,1,1272.69196567423,129.952026486077,35.4536303569887,37.935311618231,3.02756284033431
4,ASAP,2,33.3564384209062,36.8315369610161,2,-0.169696888469998,-0.166816477449489,-1.81331441684883,-2.64765369843295,Multiple,1,1272.69196567423,129.952026486077,35.4536303569887,37.935311618231,3.02756284033431
4,ASAP,2,33.3564384209062,36.8315369610161,3,-0.206976390840228,-0.233748727816867,-1.81331441684883,-2.64765369843295,Multiple,1,1272.69196567423,129.952026486077,35.4536303569887,37.935311618231,3.02756284033431
4,ASAP,2,33.3564384209062,36.8315369610161,4,-0.162237128705349,-0.0350920200551397,-1.81331441684883,-2.64765369843295,Multiple,1,1272.69196567423,129.952026486077,35.4536303569887,37.935311618231,3.02756284033431
4,ASAP,2,33.3564384209062,36.8315369610161,5,-0.193031115440258,0.0270812160826524,-1.81331441684883,-2.64765369843295,Multiple,1,1272.69196567423,129.952026486077,35.4536303569887,37.935311618231,3.02756284033431
4,ASAP,2,33.3564384209062,36.8315369610161,6,-0.158818285216791,-0.0162078838822178,-1.81331441684883,-2.64765369843295,Multiple,1,1272.69196567423,129.952026486077,35.4536303569887,37.935311618231,3.02756284033431
4,ASAP,2,33.3564384209062,36.8315369610161,7,0.0398255542720136,0.00150623151957684,-1.81331441684883,-2.64765369843295,Multiple,1,1272.69196567423,129.952026486077,35.4536303569887,37.935311618231,3.02756284033431
4,ASAP,2,33.3564384209062,36.8315369610161,8,-0.743640563462724,-0.27370571920761,-1.81331441684883,-2.64765369843295,Multiple,1,1272.69196567423,129.952026486077,35.4536303569887,37.935311618231,3.02756284033431
5,ASAP,2,36.8363839103069,18.5980770628907,1,-0.704466208072058,-0.50977835322213,-0.136769732166073,-36.7375157608972,Multiple,1,1027.74200228387,115.598694620826,35.1931952222227,32.7720129942304,0
5,ASAP,2,36.8363839103069,18.5980770628907,2,-0.189884323949614,-0.117320308029196,-0.136769732166073,-36.7375157608972,Multiple,1,1027.74200228387,115.598694620826,35.1931952222227,32.7720129942304,0
5,ASAP,2,36.8363839103069,18.5980770628907,3,-0.0471493290653386,-0.0113986311044623,-0.136769732166073,-36.7375157608972,Multiple,1,1027.74200228387,115.598694620826,35.1931952222227,32.7720129942304,0
5,ASAP,2,36.8363839103069,18.5980770628907,4,-0.112105325444372,-0.0592541645637006,-0.136769732166073,-36.7375157608972,Multiple,1,1027.74200228387,115.598694620826,35.1931952222227,32.7720129942304,0
5,ASAP,2,36.8363839103069,18.5980770628907,5,-0.273444356375011,-0.142875414430951,-0.136769732166073,-36.7375157608972,Multiple,1,1027.74200228387,115.598694620826,35.1931952222227,32.7720129942304,0
5,ASAP,2,36.8363839103069,18.5980770628907,6,-0.316245698490765,-0.186712357788165,-0.136769732166073,-36.7375157608972,Multiple,1,1027.74200228387,115.598694620826,35.1931952222227,32.7720129942304,0
5,ASAP,2,36.8363839103069,18.5980770628907,7,-0.0369759240457275,0.0247613753712675,-0.136769732166073,-36.7375157608972,Multiple,1,1027.74200228387,115.598694620826,35.1931952222227,32.7720129942304,0
5,ASAP,2,36.8363839103069,18.5980770628907,8,-0.032076713480546,0.0569230452162933,-0.136769732166073,-36.7375157608972,Multiple,1,1027.74200228387,115.598694620826,35.1931952222227,32.7720129942304,0
9,ASAP,2,38.5315190379767,46.4725457828782,1,-0.353862723832177,-0.123257859564274,1.37824645234327,-7.34334334450663,Multiple,7,1285.50217078667,129.81090007934,36.9801761516178,35.5234503396039,0
9,ASAP,2,38.5315190379767,46.4725457828782,2,0.0227226637977538,-0.081390945067407,1.37824645234327,-7.34334334450663,Multiple,7,1285.50217078667,129.81090007934,36.9801761516178,35.5234503396039,0
9,ASAP,2,38.5315190379767,46.4725457828782,3,-0.0873989689754011,0.0146111457735782,1.37824645234327,-7.34334334450663,Multiple,7,1285.50217078667,129.81090007934,36.9801761516178,35.5234503396039,0
9,ASAP,2,38.5315190379767,46.4725457828782,4,-0.148402063531175,0.1422861569606,1.37824645234327,-7.34334334450663,Multiple,7,1285.50217078667,129.81090007934,36.9801761516178,35.5234503396039,0
9,ASAP,2,38.5315190379767,46.4725457828782,5,-0.800913311336862,-0.381605568844231,1.37824645234327,-7.34334334450663,Multiple,7,1285.50217078667,129.81090007934,36.9801761516178,35.5234503396039,0
9,ASAP,2,38.5315190379767,46.4725457828782,6,-0.138924390428209,0.0229877683780365,1.37824645234327,-7.34334334450663,Multiple,7,1285.50217078667,129.81090007934,36.9801761516178,35.5234503396039,0
9,ASAP,2,38.5315190379767,46.4725457828782,7,-0.0563529555064626,-0.0471307320443206,1.37824645234327,-7.34334334450663,Multiple,7,1285.50217078667,129.81090007934,36.9801761516178,35.5234503396039,0
9,ASAP,2,38.5315190379767,46.4725457828782,8,-0.0986731388652837,0.134453078470663,1.37824645234327,-7.34334334450663,Multiple,7,1285.50217078667,129.81090007934,36.9801761516178,35.5234503396039,0
10,ASAP,2,31.8431702093817,54.3180146056478,1,-0.10254970168052,0.344512934765632,-2.21655650476675,-1.79522710386171,Multiple,8,1490.09917401083,139.262649149503,41.0015839202785,36.3403392143566,21.7347528885218
10,ASAP,2,31.8431702093817,54.3180146056478,2,-0.0787766776382606,0.0664703836942451,-2.21655650476675,-1.79522710386171,Multiple,8,1490.09917401083,139.262649149503,41.0015839202785,36.3403392143566,21.7347528885218
10,ASAP,2,31.8431702093817,54.3180146056478,3,-0.0195523542704744,-0.0492220944460754,-2.21655650476675,-1.79522710386171,Multiple,8,1490.09917401083,139.262649149503,41.0015839202785,36.3403392143566,21.7347528885218
10,ASAP,2,31.8431702093817,54.3180146056478,4,-0.00441263294809173,-0.0242537006208969,-2.21655650476675,-1.79522710386171,Multiple,8,1490.09917401083,139.262649149503,41.0015839202785,36.3403392143566,21.7347528885218
10,ASAP,2,31.8431702093817,54.3180146056478,5,-0.144491773500502,0.360003570027242,-2.21655650476675,-1.79522710386171,Multiple,8,1490.09917401083,139.262649149503,41.0015839202785,36.3403392143566,21.7347528885218
10,ASAP,2,31.8431702093817,54.3180146056478,6,-0.00211481152669473,0.182401957001014,-2.21655650476675,-1.79522710386171,Multiple,8,1490.09917401083,139.262649149503,41.0015839202785,36.3403392143566,21.7347528885218
10,ASAP,2,31.8431702093817,54.3180146056478,7,-0.0245925501892016,0.119329910182399,-2.21655650476675,-1.79522710386171,Multiple,8,1490.09917401083,139.262649149503,41.0015839202785,36.3403392143566,21.7347528885218
10,ASAP,2,31.8431702093817,54.3180146056478,8,-0.200124915804715,0.311986340324879,-2.21655650476675,-1.79522710386171,Multiple,8,1490.09917401083,139.262649149503,41.0015839202785,36.3403392143566,21.7347528885218
12,ASAP,2,35.3886278550234,27.6339594680287,1,-0.527461700177897,0.0875960158603282,-1.13660434621004,-27.4437031455057,Multiple,8,1515.85500238051,141.376138385935,40.9248813924792,46.5516968960764,1.03894551643408
12,ASAP,2,35.3886278550234,27.6339594680287,2,-0.840188345637255,-0.0901957317595423,-1.13660434621004,-27.4437031455057,Multiple,8,1515.85500238051,141.376138385935,40.9248813924792,46.5516968960764,1.03894551643408
12,ASAP,2,35.3886278550234,27.6339594680287,3,-0.226080513551403,-0.158407110530111,-1.13660434621004,-27.4437031455057,Multiple,8,1515.85500238051,141.376138385935,40.9248813924792,46.5516968960764,1.03894551643408
12,ASAP,2,35.3886278550234,27.6339594680287,4,-0.0486176404781724,0.0315461729432293,-1.13660434621004,-27.4437031455057,Multiple,8,1515.85500238051,141.376138385935,40.9248813924792,46.5516968960764,1.03894551643408
12,ASAP,2,35.3886278550234,27.6339594680287,5,-0.233246151804271,0.124749286638052,-1.13660434621004,-27.4437031455057,Multiple,8,1515.85500238051,141.376138385935,40.9248813924792,46.5516968960764,1.03894551643408
12,ASAP,2,35.3886278550234,27.6339594680287,6,-0.298088930374487,-0.0199638047669205,-1.13660434621004,-27.4437031455057,Multiple,8,1515.85500238051,141.376138385935,40.9248813924792,46.5516968960764,1.03894551643408
12,ASAP,2,35.3886278550234,27.6339594680287,7,-0.0770493514259006,-0.0144134431130052,-1.13660434621004,-27.4437031455057,Multiple,8,1515.85500238051,141.376138385935,40.9248813924792,46.5516968960764,1.03894551643408
12,ASAP,2,35.3886278550234,27.6339594680287,8,-0.262553151184842,-0.0346162159813767,-1.13660434621004,-27.4437031455057,Multiple,8,1515.85500238051,141.376138385935,40.9248813924792,46.5516968960764,1.03894551643408
3,SPAS,2,36.8763307596421,30.9116170387072,1,-0.394747562448682,-0.138432599563069,0.174487481213163,-23.5690844946752,Multiple,2,1831.92825830126,156.451271217967,45.9017465407587,42.2117212737199,7.65183353081468
3,SPAS,2,36.8763307596421,30.9116170387072,2,-0.306962929350269,-0.254895137109727,0.174487481213163,-23.5690844946752,Multiple,2,1831.92825830126,156.451271217967,45.9017465407587,42.2117212737199,7.65183353081468
3,SPAS,2,36.8763307596421,30.9116170387072,3,-0.217633248300169,-0.229672351727858,0.174487481213163,-23.5690844946752,Multiple,2,1831.92825830126,156.451271217967,45.9017465407587,42.2117212737199,7.65183353081468
3,SPAS,2,36.8763307596421,30.9116170387072,4,-0.111008804068272,-0.0602709993949672,0.174487481213163,-23.5690844946752,Multiple,2,1831.92825830126,156.451271217967,45.9017465407587,42.2117212737199,7.65183353081468
3,SPAS,2,36.8763307596421,30.9116170387072,5,-0.438188119854701,-0.240188250662676,0.174487481213163,-23.5690844946752,Multiple,2,1831.92825830126,156.451271217967,45.9017465407587,42.2117212737199,7.65183353081468
3,SPAS,2,36.8763307596421,30.9116170387072,6,-0.065843822224901,-0.0245868495746851,0.174487481213163,-23.5690844946752,Multiple,2,1831.92825830126,156.451271217967,45.9017465407587,42.2117212737199,7.65183353081468
3,SPAS,2,36.8763307596421,30.9116170387072,7,-0.00636724211408403,-0.0491534767302923,0.174487481213163,-23.5690844946752,Multiple,2,1831.92825830126,156.451271217967,45.9017465407587,42.2117212737199,7.65183353081468
3,SPAS,2,36.8763307596421,30.9116170387072,8,-0.385694268903767,-0.292035940386819,0.174487481213163,-23.5690844946752,Multiple,2,1831.92825830126,156.451271217967,45.9017465407587,42.2117212737199,7.65183353081468
6,SPAS,2,35.5422831283051,33.4477590232003,1,-0.153891046439129,-0.0262956545595181,-2.09324934702755,-20.365055020098,Multiple,6,1260.8929529958,129.635644550143,38.6940631383692,36.3773065294883,5.54408774637749
6,SPAS,2,35.5422831283051,33.4477590232003,2,-0.151089070717482,-0.122037154848981,-2.09324934702755,-20.365055020098,Multiple,6,1260.8929529958,129.635644550143,38.6940631383692,36.3773065294883,5.54408774637749
6,SPAS,2,35.5422831283051,33.4477590232003,3,-0.294937514642273,-0.19424255757393,-2.09324934702755,-20.365055020098,Multiple,6,1260.8929529958,129.635644550143,38.6940631383692,36.3773065294883,5.54408774637749
6,SPAS,2,35.5422831283051,33.4477590232003,4,-0.0954555514297298,-0.0074692884824156,-2.09324934702755,-20.365055020098,Multiple,6,1260.8929529958,129.635644550143,38.6940631383692,36.3773065294883,5.54408774637749
6,SPAS,2,35.5422831283051,33.4477590232003,5,-0.604775102386542,-0.216444772206907,-2.09324934702755,-20.365055020098,Multiple,6,1260.8929529958,129.635644550143,38.6940631383692,36.3773065294883,5.54408774637749
6,SPAS,2,35.5422831283051,33.4477590232003,6,-0.386990879461403,-0.132265699078917,-2.09324934702755,-20.365055020098,Multiple,6,1260.8929529958,129.635644550143,38.6940631383692,36.3773065294883,5.54408774637749
6,SPAS,2,35.5422831283051,33.4477590232003,7,-0.000484188581535445,0.0208670866895284,-2.09324934702755,-20.365055020098,Multiple,6,1260.8929529958,129.635644550143,38.6940631383692,36.3773065294883,5.54408774637749
6,SPAS,2,35.5422831283051,33.4477590232003,8,-1.08057267714102,-0.486491218640127,-2.09324934702755,-20.365055020098,Multiple,6,1260.8929529958,129.635644550143,38.6940631383692,36.3773065294883,5.54408774637749
7,SPAS,2,33.7467019484491,44.5625015605344,1,-0.257120678704864,-0.0427273765618846,-0.270390217675939,-13.5904201248368,Multiple,6,789.071950930363,101.993778783273,32.9656265564804,30.7683968032677,11.1131042318663
7,SPAS,2,33.7467019484491,44.5625015605344,2,0.0036553303178339,-0.131804225803097,-0.270390217675939,-13.5904201248368,Multiple,6,789.071950930363,101.993778783273,32.9656265564804,30.7683968032677,11.1131042318663
7,SPAS,2,33.7467019484491,44.5625015605344,3,0.084548324920619,0.013421222716591,-0.270390217675939,-13.5904201248368,Multiple,6,789.071950930363,101.993778783273,32.9656265564804,30.7683968032677,11.1131042318663
7,SPAS,2,33.7467019484491,44.5625015605344,4,-0.0428691008556781,-0.00914882210175075,-0.270390217675939,-13.5904201248368,Multiple,6,789.071950930363,101.993778783273,32.9656265564804,30.7683968032677,11.1131042318663
7,SPAS,2,33.7467019484491,44.5625015605344,5,0.0323203297814943,-0.00194799677346961,-0.270390217675939,-13.5904201248368,Multiple,6,789.071950930363,101.993778783273,32.9656265564804,30.7683968032677,11.1131042318663
7,SPAS,2,33.7467019484491,44.5625015605344,6,-0.0127752761486202,-0.0128692889866531,-0.270390217675939,-13.5904201248368,Multiple,6,789.071950930363,101.993778783273,32.9656265564804,30.7683968032677,11.1131042318663
7,SPAS,2,33.7467019484491,44.5625015605344,7,0.127215142701543,-0.00931841211270973,-0.270390217675939,-13.5904201248368,Multiple,6,789.071950930363,101.993778783273,32.9656265564804,30.7683968032677,11.1131042318663
7,SPAS,2,33.7467019484491,44.5625015605344,8,-0.214221462337834,-0.254461253441681,-0.270390217675939,-13.5904201248368,Multiple,6,789.071950930363,101.993778783273,32.9656265564804,30.7683968032677,11.1131042318663
8,SPAS,2,37.8476791826665,33.2897085142928,1,-0.501726946931551,0.273111256215618,0.860565198110457,-23.0845420640804,Multiple,2,999.853142351562,114.740581374886,33.8663981359352,30.9234152600435,0.784052492107415
8,SPAS,2,37.8476791826665,33.2897085142928,2,-0.179421065832344,0.183624810142905,0.860565198110457,-23.0845420640804,Multiple,2,999.853142351562,114.740581374886,33.8663981359352,30.9234152600435,0.784052492107415
8,SPAS,2,37.8476791826665,33.2897085142928,3,-0.0355447468852644,-0.23361437864595,0.860565198110457,-23.0845420640804,Multiple,2,999.853142351562,114.740581374886,33.8663981359352,30.9234152600435,0.784052492107415
8,SPAS,2,37.8476791826665,33.2897085142928,4,-0.0171378940942015,0.0447583916836254,0.860565198110457,-23.0845420640804,Multiple,2,999.853142351562,114.740581374886,33.8663981359352,30.9234152600435,0.784052492107415
8,SPAS,2,37.8476791826665,33.2897085142928,5,-0.358333892337697,-0.0387878046970863,0.860565198110457,-23.0845420640804,Multiple,2,999.853142351562,114.740581374886,33.8663981359352,30.9234152600435,0.784052492107415
8,SPAS,2,37.8476791826665,33.2897085142928,6,-0.669692724648615,-0.296206229328353,0.860565198110457,-23.0845420640804,Multiple,2,999.853142351562,114.740581374886,33.8663981359352,30.9234152600435,0.784052492107415
8,SPAS,2,37.8476791826665,33.2897085142928,7,-0.28927269336321,-0.117904865630779,0.860565198110457,-23.0845420640804,Multiple,2,999.853142351562,114.740581374886,33.8663981359352,30.9234152600435,0.784052492107415
8,SPAS,2,37.8476791826665,33.2897085142928,8,-0.394193458586165,-0.320948371770101,0.860565198110457,-23.0845420640804,Multiple,2,999.853142351562,114.740581374886,33.8663981359352,30.9234152600435,0.784052492107415
11,SPAS,2,34.3869744852706,43.8103800229027,1,-0.0534631124833754,0.0115623157238494,-0.175194403226612,-7.68216976530004,Multiple,2,1183.87797595005,124.848122153267,33.92472082893,41.6065760038554,2.59081806529725
11,SPAS,2,34.3869744852706,43.8103800229027,2,-0.235868661934639,-0.177510708816274,-0.175194403226612,-7.68216976530004,Multiple,2,1183.87797595005,124.848122153267,33.92472082893,41.6065760038554,2.59081806529725
11,SPAS,2,34.3869744852706,43.8103800229027,3,0.0352450792628109,-0.00214686238658161,-0.175194403226612,-7.68216976530004,Multiple,2,1183.87797595005,124.848122153267,33.92472082893,41.6065760038554,2.59081806529725
11,SPAS,2,34.3869744852706,43.8103800229027,4,-0.0464916920350305,0.0484997171214644,-0.175194403226612,-7.68216976530004,Multiple,2,1183.87797595005,124.848122153267,33.92472082893,41.6065760038554,2.59081806529725
11,SPAS,2,34.3869744852706,43.8103800229027,5,-0.437303499588873,0.0111055499226309,-0.175194403226612,-7.68216976530004,Multiple,2,1183.87797595005,124.848122153267,33.92472082893,41.6065760038554,2.59081806529725
11,SPAS,2,34.3869744852706,43.8103800229027,6,-0.161343437657566,-0.103674564563047,-0.175194403226612,-7.68216976530004,Multiple,2,1183.87797595005,124.848122153267,33.92472082893,41.6065760038554,2.59081806529725
11,SPAS,2,34.3869744852706,43.8103800229027,7,-0.127564210885012,-0.156198836528053,-0.175194403226612,-7.68216976530004,Multiple,2,1183.87797595005,124.848122153267,33.92472082893,41.6065760038554,2.59081806529725
11,SPAS,2,34.3869744852706,43.8103800229027,8,-0.532954924558229,0.0430414464541626,-0.175194403226612,-7.68216976530004,Multiple,2,1183.87797595005,124.848122153267,33.92472082893,41.6065760038554,2.59081806529725
13,SPAS,2,36.9293471180175,15.4677626226576,1,-0.576806937679849,-0.124118299432064,-0.186800427774436,-34.8763909856022,Multiple,9,1086.17973558612,118.33586650457,38.3441620842146,35.809934905976,0
13,SPAS,2,36.9293471180175,15.4677626226576,2,-0.708443718974224,-0.150585768861256,-0.186800427774436,-34.8763909856022,Multiple,9,1086.17973558612,118.33586650457,38.3441620842146,35.809934905976,0
13,SPAS,2,36.9293471180175,15.4677626226576,3,-0.128324742459464,-0.112942481891735,-0.186800427774436,-34.8763909856022,Multiple,9,1086.17973558612,118.33586650457,38.3441620842146,35.809934905976,0
13,SPAS,2,36.9293471180175,15.4677626226576,4,-0.0384556048978773,-0.00374335668201236,-0.186800427774436,-34.8763909856022,Multiple,9,1086.17973558612,118.33586650457,38.3441620842146,35.809934905976,0
13,SPAS,2,36.9293471180175,15.4677626226576,5,-0.419908702626165,-0.19784400673404,-0.186800427774436,-34.8763909856022,Multiple,9,1086.17973558612,118.33586650457,38.3441620842146,35.809934905976,0
13,SPAS,2,36.9293471180175,15.4677626226576,6,-0.706193751488433,-0.438077556975788,-0.186800427774436,-34.8763909856022,Multiple,9,1086.17973558612,118.33586650457,38.3441620842146,35.809934905976,0
13,SPAS,2,36.9293471180175,15.4677626226576,7,0.034394666410025,0.0584911042180588,-0.186800427774436,-34.8763909856022,Multiple,9,1086.17973558612,118.33586650457,38.3441620842146,35.809934905976,0
13,SPAS,2,36.9293471180175,15.4677626226576,8,-0.487257964866707,-0.524376111724683,-0.186800427774436,-34.8763909856022,Multiple,9,1086.17973558612,118.33586650457,38.3441620842146,35.809934905976,0
2,SPAP,2,37.8252888762779,35.6414021437969,1,-0.535700076828416,-0.119293663788464,1.72562645164638,-15.4857288429448,Multiple,3,1340.00405952443,131.207920152192,39.8132356227689,40.8701376549146,1.53805226123261
2,SPAP,2,37.8252888762779,35.6414021437969,2,-0.350182559561196,-0.195665655282868,1.72562645164638,-15.4857288429448,Multiple,3,1340.00405952443,131.207920152192,39.8132356227689,40.8701376549146,1.53805226123261
2,SPAP,2,37.8252888762779,35.6414021437969,3,-0.0705830190251592,-0.0253386629310471,1.72562645164638,-15.4857288429448,Multiple,3,1340.00405952443,131.207920152192,39.8132356227689,40.8701376549146,1.53805226123261
2,SPAP,2,37.8252888762779,35.6414021437969,4,-0.111486857265084,-0.0456344649432353,1.72562645164638,-15.4857288429448,Multiple,3,1340.00405952443,131.207920152192,39.8132356227689,40.8701376549146,1.53805226123261
2,SPAP,2,37.8252888762779,35.6414021437969,5,-0.41822020486257,-0.13200339506231,1.72562645164638,-15.4857288429448,Multiple,3,1340.00405952443,131.207920152192,39.8132356227689,40.8701376549146,1.53805226123261
2,SPAP,2,37.8252888762779,35.6414021437969,6,-0.253642904511472,-0.0684949779326401,1.72562645164638,-15.4857288429448,Multiple,3,1340.00405952443,131.207920152192,39.8132356227689,40.8701376549146,1.53805226123261
2,SPAP,2,37.8252888762779,35.6414021437969,7,-0.177461292527069,-0.0454157242678461,1.72562645164638,-15.4857288429448,Multiple,3,1340.00405952443,131.207920152192,39.8132356227689,40.8701376549146,1.53805226123261
2,SPAP,2,37.8252888762779,35.6414021437969,8,0.110324342326457,-0.00814739783065212,1.72562645164638,-15.4857288429448,Multiple,3,1340.00405952443,131.207920152192,39.8132356227689,40.8701376549146,1.53805226123261
6,SPAP,2,37.8907348646104,39.7834530403319,1,-0.209888682575417,-0.0822932906958062,0.255202389277791,-14.0293610029664,Multiple,6,1298.5417325905,130.516962595798,38.3930108404083,35.8520832380616,8.45683111350058
6,SPAP,2,37.8907348646104,39.7834530403319,2,-0.100374044111257,-0.0713221282427568,0.255202389277791,-14.0293610029664,Multiple,6,1298.5417325905,130.516962595798,38.3930108404083,35.8520832380616,8.45683111350058
6,SPAP,2,37.8907348646104,39.7834530403319,3,-0.1931614119808,-0.0924664549124565,0.255202389277791,-14.0293610029664,Multiple,6,1298.5417325905,130.516962595798,38.3930108404083,35.8520832380616,8.45683111350058
6,SPAP,2,37.8907348646104,39.7834530403319,4,-0.0836923685304013,0.00429389441691294,0.255202389277791,-14.0293610029664,Multiple,6,1298.5417325905,130.516962595798,38.3930108404083,35.8520832380616,8.45683111350058
6,SPAP,2,37.8907348646104,39.7834530403319,5,-0.55937815040639,-0.171047820226755,0.255202389277791,-14.0293610029664,Multiple,6,1298.5417325905,130.516962595798,38.3930108404083,35.8520832380616,8.45683111350058
6,SPAP,2,37.8907348646104,39.7834530403319,6,-0.399457691643067,-0.144732511260581,0.255202389277791,-14.0293610029664,Multiple,6,1298.5417325905,130.516962595798,38.3930108404083,35.8520832380616,8.45683111350058
6,SPAP,2,37.8907348646104,39.7834530403319,7,-0.0289380831408213,-0.00758680786975742,0.255202389277791,-14.0293610029664,Multiple,6,1298.5417325905,130.516962595798,38.3930108404083,35.8520832380616,8.45683111350058
6,SPAP,2,37.8907348646104,39.7834530403319,8,-0.810968734015082,-0.216887275514185,0.255202389277791,-14.0293610029664,Multiple,6,1298.5417325905,130.516962595798,38.3930108404083,35.8520832380616,8.45683111350058
7,SPAP,2,34.2947282572527,44.4709598137979,1,-0.526719116034316,-0.312325813891337,0.277636091127633,-13.6819618715734,Multiple,6,803.104482712194,103.28345403175,33.2099304996601,31.4150364212096,9.62853956835238
7,SPAP,2,34.2947282572527,44.4709598137979,2,-0.130722924985317,-0.266182481106248,0.277636091127633,-13.6819618715734,Multiple,6,803.104482712194,103.28345403175,33.2099304996601,31.4150364212096,9.62853956835238
7,SPAP,2,34.2947282572527,44.4709598137979,3,0.0414945555820219,-0.0296325466220061,0.277636091127633,-13.6819618715734,Multiple,6,803.104482712194,103.28345403175,33.2099304996601,31.4150364212096,9.62853956835238
7,SPAP,2,34.2947282572527,44.4709598137979,4,-0.020022383319586,0.0136978954343414,0.277636091127633,-13.6819618715734,Multiple,6,803.104482712194,103.28345403175,33.2099304996601,31.4150364212096,9.62853956835238
7,SPAP,2,34.2947282572527,44.4709598137979,5,0.0685892196021674,0.0343208930472035,0.277636091127633,-13.6819618715734,Multiple,6,803.104482712194,103.28345403175,33.2099304996601,31.4150364212096,9.62853956835238
7,SPAP,2,34.2947282572527,44.4709598137979,6,-0.0249125878298729,-0.0250066006679058,0.277636091127633,-13.6819618715734,Multiple,6,803.104482712194,103.28345403175,33.2099304996601,31.4150364212096,9.62853956835238
7,SPAP,2,34.2947282572527,44.4709598137979,7,0.154656077391196,0.018122522576943,0.277636091127633,-13.6819618715734,Multiple,6,803.104482712194,103.28345403175,33.2099304996601,31.4150364212096,9.62853956835238
7,SPAP,2,34.2947282572527,44.4709598137979,8,0.117918012271784,0.0776782211679366,0.277636091127633,-13.6819618715734,Multiple,6,803.104482712194,103.28345403175,33.2099304996601,31.4150364212096,9.62853956835238
9,SPAP,2,35.4839599499253,28.8076019669138,1,-0.301426960497891,-0.0708220962299889,-1.66931263570811,-25.0082871604711,Multiple,7,1378.16565381798,135.055107648657,38.0138100672472,38.2587528303717,0
9,SPAP,2,35.4839599499253,28.8076019669138,2,0.0656014953329144,-0.0385121135322464,-1.66931263570811,-25.0082871604711,Multiple,7,1378.16565381798,135.055107648657,38.0138100672472,38.2587528303717,0
9,SPAP,2,35.4839599499253,28.8076019669138,3,-0.102200631362865,-0.000190516613885472,-1.66931263570811,-25.0082871604711,Multiple,7,1378.16565381798,135.055107648657,38.0138100672472,38.2587528303717,0
9,SPAP,2,35.4839599499253,28.8076019669138,4,-0.215710267674891,0.0749779528168841,-1.66931263570811,-25.0082871604711,Multiple,7,1378.16565381798,135.055107648657,38.0138100672472,38.2587528303717,0
9,SPAP,2,35.4839599499253,28.8076019669138,5,-0.718057672129827,-0.298749929637196,-1.66931263570811,-25.0082871604711,Multiple,7,1378.16565381798,135.055107648657,38.0138100672472,38.2587528303717,0
9,SPAP,2,35.4839599499253,28.8076019669138,6,-0.168259966328323,-0.00634780752207736,-1.66931263570811,-25.0082871604711,Multiple,7,1378.16565381798,135.055107648657,38.0138100672472,38.2587528303717,0
9,SPAP,2,35.4839599499253,28.8076019669138,7,-0.091980244172486,-0.082758020710344,-1.66931263570811,-25.0082871604711,Multiple,7,1378.16565381798,135.055107648657,38.0138100672472,38.2587528303717,0
9,SPAP,2,35.4839599499253,28.8076019669138,8,-0.491727851851502,-0.258601634515555,-1.66931263570811,-25.0082871604711,Multiple,7,1378.16565381798,135.055107648657,38.0138100672472,38.2587528303717,0
10,SPAP,2,34.3981629771316,41.6310304170287,1,-0.481263999394602,-0.0342013629484494,0.338436262983109,-14.4822112924808,Multiple,8,1446.9996536037,138.157092140076,41.576352805721,34.4346422565551,3.68532574956691
10,SPAP,2,34.3981629771316,41.6310304170287,2,-0.386245144016997,-0.240998082684491,0.338436262983109,-14.4822112924808,Multiple,8,1446.9996536037,138.157092140076,41.576352805721,34.4346422565551,3.68532574956691
10,SPAP,2,34.3981629771316,41.6310304170287,3,-0.0623740820874115,-0.0920438222630125,0.338436262983109,-14.4822112924808,Multiple,8,1446.9996536037,138.157092140076,41.576352805721,34.4346422565551,3.68532574956691
10,SPAP,2,34.3981629771316,41.6310304170287,4,-0.00158140884757275,-0.0214224765203779,0.338436262983109,-14.4822112924808,Multiple,8,1446.9996536037,138.157092140076,41.576352805721,34.4346422565551,3.68532574956691
10,SPAP,2,34.3981629771316,41.6310304170287,5,-0.73635470431279,-0.231859360785047,0.338436262983109,-14.4822112924808,Multiple,8,1446.9996536037,138.157092140076,41.576352805721,34.4346422565551,3.68532574956691
10,SPAP,2,34.3981629771316,41.6310304170287,6,-0.222860144171145,-0.0383433756434362,0.338436262983109,-14.4822112924808,Multiple,8,1446.9996536037,138.157092140076,41.576352805721,34.4346422565551,3.68532574956691
10,SPAP,2,34.3981629771316,41.6310304170287,7,-0.167606340660204,-0.0236838802886038,0.338436262983109,-14.4822112924808,Multiple,8,1446.9996536037,138.157092140076,41.576352805721,34.4346422565551,3.68532574956691
10,SPAP,2,34.3981629771316,41.6310304170287,8,-0.577611901467052,-0.0655006453374581,0.338436262983109,-14.4822112924808,Multiple,8,1446.9996536037,138.157092140076,41.576352805721,34.4346422565551,3.68532574956691
12,SPAP,2,37.2022062444915,31.0314180433199,1,-0.709507308959681,-0.0944495929214555,0.676974043258078,-24.0462445702145,Multiple,8,1367.0829558032,133.695521703196,39.0307777254257,43.7963907375589,0
12,SPAP,2,37.2022062444915,31.0314180433199,2,-0.714314676307309,0.0356779375704037,0.676974043258078,-24.0462445702145,Multiple,8,1367.0829558032,133.695521703196,39.0307777254257,43.7963907375589,0
12,SPAP,2,37.2022062444915,31.0314180433199,3,-0.0780939184484874,-0.0104205154271951,0.676974043258078,-24.0462445702145,Multiple,8,1367.0829558032,133.695521703196,39.0307777254257,43.7963907375589,0
12,SPAP,2,37.2022062444915,31.0314180433199,4,-0.0182417651221029,0.0619220482992989,0.676974043258078,-24.0462445702145,Multiple,8,1367.0829558032,133.695521703196,39.0307777254257,43.7963907375589,0
12,SPAP,2,37.2022062444915,31.0314180433199,5,-0.342086188601038,0.0159092498412841,0.676974043258078,-24.0462445702145,Multiple,8,1367.0829558032,133.695521703196,39.0307777254257,43.7963907375589,0
12,SPAP,2,37.2022062444915,31.0314180433199,6,-0.340564824563799,-0.062439698956233,0.676974043258078,-24.0462445702145,Multiple,8,1367.0829558032,133.695521703196,39.0307777254257,43.7963907375589,0
12,SPAP,2,37.2022062444915,31.0314180433199,7,0.0177229583604382,0.0803588666733335,0.676974043258078,-24.0462445702145,Multiple,8,1367.0829558032,133.695521703196,39.0307777254257,43.7963907375589,0
12,SPAP,2,37.2022062444915,31.0314180433199,8,-0.218480374942727,0.00945656026073874,0.676974043258078,-24.0462445702145,Multiple,8,1367.0829558032,133.695521703196,39.0307777254257,43.7963907375589,0
13,SPAP,2,36.4152830879034,24.0735322083386,1,-0.828843213576867,-0.376154575329082,-0.700864457888514,-26.2706213999212,Multiple,9,1160.07594711696,122.068883028615,38.4979237534552,35.9622412136432,0.650298556620011
13,SPAP,2,36.4152830879034,24.0735322083386,2,-0.320752922874856,0.237105027238111,-0.700864457888514,-26.2706213999212,Multiple,9,1160.07594711696,122.068883028615,38.4979237534552,35.9622412136432,0.650298556620011
13,SPAP,2,36.4152830879034,24.0735322083386,3,-0.0193186816755636,-0.00393642110783475,-0.700864457888514,-26.2706213999212,Multiple,9,1160.07594711696,122.068883028615,38.4979237534552,35.9622412136432,0.650298556620011
13,SPAP,2,36.4152830879034,24.0735322083386,4,-0.0389793105898401,-0.00426706237397514,-0.700864457888514,-26.2706213999212,Multiple,9,1160.07594711696,122.068883028615,38.4979237534552,35.9622412136432,0.650298556620011
13,SPAP,2,36.4152830879034,24.0735322083386,5,-0.459982641644937,-0.237917945752813,-0.700864457888514,-26.2706213999212,Multiple,9,1160.07594711696,122.068883028615,38.4979237534552,35.9622412136432,0.650298556620011
13,SPAP,2,36.4152830879034,24.0735322083386,6,-0.510951216052877,-0.242835021540233,-0.700864457888514,-26.2706213999212,Multiple,9,1160.07594711696,122.068883028615,38.4979237534552,35.9622412136432,0.650298556620011
13,SPAP,2,36.4152830879034,24.0735322083386,7,0.115437282546984,0.139533720355018,-0.700864457888514,-26.2706213999212,Multiple,9,1160.07594711696,122.068883028615,38.4979237534552,35.9622412136432,0.650298556620011
13,SPAP,2,36.4152830879034,24.0735322083386,8,-0.0643614912684511,-0.101479638126427,-0.700864457888514,-26.2706213999212,Multiple,9,1160.07594711696,122.068883028615,38.4979237534552,35.9622412136432,0.650298556620011
