Time,Pressure,Flow Rate (ml/s),Force 1,Force 2,Force 3,Force 4,Force 5,Force 6,Force 7,Force 8,Flow Meter Time,,,, 
13:18:08..865,1.6031619,-0.002968,-0.00102588,0.00060142,0.0006332,0.00036284,0.00091165,0.00037168,-0.00020848,0.00030111,13:18:08..912,,,,
13:18:08..931,1.67039127,-0.003106,-0.00102594,0.00060187,0.00063339,0.00036317,0.00091183,0.0003717,-0.00020839,0.00030133,13:18:08..999,,,,
13:18:09..053,1.63936233,-0.003106,-0.00102588,0.00060187,0.00063342,0.00036287,0.0009114,0.00037203,-0.00020819,0.00030178,13:18:09..052,,,,
13:18:09..086,1.64970531,-0.003148,-0.00102566,0.00060228,0.00063339,0.00036317,0.0009121,0.00037189,-0.00020845,0.00030164,13:18:09..098,,,,
13:18:09..125,1.59799041,-0.003188,-0.00102587,0.00060178,0.0006337,0.00036327,0.000911,0.00037145,-0.00020867,0.0003014,13:18:09..142,,,,
13:18:09..182,1.61867637,-0.003208,-0.00102576,0.00060199,0.00063307,0.00036289,0.00091163,0.00037219,-0.00020823,0.00030139,13:18:09..220,,,,
13:18:09..259,1.64453382,-0.003208,-0.00102607,0.00060195,0.00063303,0.00036332,0.00091112,0.00037189,-0.00020855,0.00030163,13:18:09..220,,,,
13:18:09..292,1.6031619,-0.003293,-0.00102553,0.00060146,0.00063346,0.00036314,0.00091204,0.00037216,-0.00020831,0.00030169,13:18:09..297,,,,
13:18:09..379,1.64453382,-0.003293,-0.00102595,0.00060203,0.000633,0.00036304,0.00091082,0.00037162,-0.00020886,0.00030128,13:18:09..412,,,,
13:18:09..444,1.55661849,-0.003293,-0.0010258,0.00060205,0.00063331,0.00036323,0.00091215,0.00037144,-0.00020874,0.00030148,13:18:09..412,,,,
13:18:09..477,1.57730445,-0.003267,-0.00102552,0.00060206,0.00063325,0.00036325,0.00091202,0.00037169,-0.00020781,0.00030155,13:18:09..458,,,,
13:18:09..510,1.71176319,-0.003222,-0.00102604,0.00060187,0.00063322,0.00036284,0.00091139,0.00037121,-0.00020827,0.0003012,13:18:09..558,,,,
13:18:09..608,1.72727766,-0.003222,-0.00102629,0.00060195,0.0006331,0.0003634,0.00091101,0.00037166,-0.00020881,0.0003012,13:18:09..607,,,,
13:18:09..639,1.55661849,-0.003222,-0.0010259,0.0006019,0.00063293,0.00036356,0.00091163,0.0003718,-0.00020889,0.00030112,13:18:09..607,,,,
13:18:09..674,1.59281892,-0.003029,-0.00102628,0.00060138,0.00063278,0.00036332,0.00091092,0.0003714,-0.00020888,0.00030123,13:18:09..733,,,,
13:18:09..783,1.68073425,-0.003029,-0.0010257,0.00060217,0.00063337,0.00036317,0.00091214,0.00037178,-0.00020813,0.00030107,13:18:09..782,,,,
13:18:09..814,1.56696147,-0.002933,-0.00102553,0.00060225,0.00063307,0.00036369,0.00091116,0.00037181,-0.00020817,0.00030193,13:18:09..826,,,,
13:18:09..936,1.551447,-0.002933,-0.0010262,0.00060154,0.00063316,0.0003633,0.00091166,0.00037215,-0.00020803,0.00030151,13:18:09..934,,,,
13:18:09..968,1.59799041,-0.002985,-0.00102599,0.00060198,0.00063279,0.00036353,0.0009111,0.00037191,-0.00020873,0.00030138,13:18:09..977,,,,
13:18:10..085,1.63419084,-0.002985,-0.00102595,0.00060203,0.00063331,0.00036331,0.00091191,0.00037184,-0.00020867,0.00030136,13:18:10..083,,,,
13:18:10..116,1.77382107,-0.002946,-0.00102597,0.00060183,0.00063286,0.00036306,0.00091147,0.00037163,-0.00020891,0.00030133,13:18:10..083,,,,
13:18:10..191,1.74796362,-0.002946,-0.00102578,0.00060191,0.0006332,0.00036303,0.00091193,0.00037178,-0.00020853,0.0003014,13:18:10..220,,,,
13:18:10..252,1.45836018,-0.002946,-0.00102626,0.00060193,0.00063289,0.00036325,0.0009116,0.00037212,-0.00020807,0.00030175,13:18:10..220,,,,
13:18:10..286,1.66521978,-0.002914,-0.00102604,0.00060178,0.00063288,0.00036347,0.00091119,0.00037174,-0.00020815,0.0003015,13:18:10..306,,,,
13:18:10..399,1.72727766,-0.002914,-0.00102555,0.00060155,0.00063319,0.00036347,0.00091179,0.00037156,-0.00020821,0.00030145,13:18:10..398,,,,
13:18:10..431,1.53076104,-0.002913,-0.00102613,0.0006018,0.00063321,0.00036313,0.00091196,0.00037193,-0.00020859,0.00030192,13:18:10..440,,,,
13:18:10..547,1.52558955,-0.002913,-0.00102572,0.00060196,0.00063286,0.00036332,0.00091091,0.00037167,-0.00020775,0.00030124,13:18:10..545,,,,
13:18:10..578,1.74796362,-0.002913,-0.00102602,0.00060151,0.00063315,0.00036322,0.00091163,0.00037182,-0.00020898,0.00030143,13:18:10..545,,,,
13:18:10..611,1.62384786,-0.0028,-0.0010262,0.00060176,0.00063222,0.00036297,0.00091139,0.00037169,-0.00020826,0.00030127,13:18:10..680,,,,
13:18:10..731,1.53593253,-0.0028,-0.00102606,0.00060181,0.00063325,0.00036317,0.00091177,0.00037156,-0.00020848,0.00030167,13:18:10..729,,,,
13:18:10..764,1.74796362,-0.0028,-0.0010257,0.00060163,0.00063312,0.00036327,0.00091156,0.00037108,-0.00020868,0.0003016,13:18:10..729,,,,
13:18:10..798,1.71693468,-0.002782,-0.00102558,0.00060181,0.00063338,0.00036325,0.00091171,0.00037162,-0.00020886,0.0003014,13:18:10..885,,,,
13:18:10..935,1.62901935,-0.002782,-0.00102594,0.0006015,0.00063282,0.00036308,0.00091122,0.00037145,-0.00020877,0.00030118,13:18:10..933,,,,
13:18:10..967,1.73762064,-0.002782,-0.001026,0.0006014,0.00063284,0.0003634,0.00091096,0.00037084,-0.00020872,0.00030126,13:18:10..933,,,,
13:18:11..001,1.66521978,-0.002741,-0.00102576,0.00060223,0.00063353,0.00036319,0.00091198,0.00037139,-0.00020865,0.00030192,13:18:11..066,,,,
13:18:11..126,1.64453382,-0.002741,-0.00102574,0.00060151,0.00063279,0.00036332,0.00091121,0.00037164,-0.00020851,0.00030156,13:18:11..124,,,,
13:18:11..157,1.62384786,-0.002693,-0.001026,0.00060181,0.00063288,0.0003629,0.00091109,0.00037153,-0.00020871,0.00030149,13:18:11..168,,,,
13:18:11..286,1.62901935,-0.002693,-0.0010259,0.00060161,0.00063325,0.00036313,0.00091104,0.0003716,-0.00020882,0.0003014,13:18:11..284,,,,
13:18:11..319,1.66521978,-0.002842,-0.0010256,0.00060184,0.00063321,0.00036308,0.00091204,0.00037191,-0.00020876,0.00030123,13:18:11..284,,,,
13:18:11..400,1.67556276,-0.002825,-0.0010263,0.00060176,0.00063269,0.00036277,0.00091072,0.00037125,-0.00020905,0.00030127,13:18:11..436,,,,
13:18:11..480,1.55661849,-0.002825,-0.0010259,0.00060179,0.00063361,0.00036316,0.00091204,0.00037153,-0.00020857,0.00030069,13:18:11..480,,,,
13:18:11..512,1.67556276,-0.002809,-0.00102566,0.00060227,0.0006332,0.00036347,0.0009115,0.00037196,-0.00020846,0.00030188,13:18:11..515,,,,
13:18:11..549,1.75313511,-0.002793,-0.00102584,0.00060178,0.00063257,0.00036331,0.00091151,0.00037185,-0.00020879,0.00030151,13:18:11..557,,,,
13:18:11..670,1.66004829,-0.002793,-0.00102566,0.00060146,0.00063307,0.00036265,0.00091146,0.0003714,-0.00020851,0.00030121,13:18:11..670,,,,
13:18:11..703,18.00712818,-0.002614,-0.00102594,0.0006014,0.00063344,0.00036335,0.00091204,0.00037176,-0.00020885,0.00030138,13:18:11..714,,,,
13:18:11..816,23.3234199,-0.002614,-0.00102634,0.00060167,0.00063266,0.00036327,0.000911,0.00037155,-0.00020867,0.00030125,13:18:11..814,,,,
13:18:11..847,21.41514009,0.003459,-0.00102581,0.00060228,0.00063323,0.00036312,0.0009117,0.00037183,-0.00020845,0.00030207,13:18:11..857,,,,
13:18:11..921,19.58960412,0.003459,-0.00102588,0.00060236,0.00063297,0.00036317,0.0009115,0.00037136,-0.0002082,0.000302,13:18:11..959,,,,
13:18:11..993,15.47309808,0.003459,-0.00102578,0.00060179,0.00063288,0.00036337,0.00091184,0.0003716,-0.00020872,0.00030176,13:18:11..959,,,,
13:18:12..026,15.4627551,0.032059,-0.00102517,0.00060261,0.00063425,0.00036671,0.00091304,0.00037306,-0.00020871,0.00030357,13:18:12..046,,,,
13:18:12..170,14.46465753,0.032059,-0.00102476,0.00060296,0.00063453,0.00036652,0.00091282,0.00037328,-0.00020887,0.00030374,13:18:12..046,,,,
13:18:12..202,14.56808733,0.065624,-0.00102525,0.00060207,0.00063517,0.0003697,0.00091439,0.00037365,-0.00020948,0.00030591,13:18:12..173,,,,
13:18:12..294,14.34571326,0.065624,-0.00102486,0.00060249,0.00063511,0.00036905,0.00091439,0.00037361,-0.0002092,0.0003063,13:18:12..335,,,,
13:18:12..370,14.07162429,0.065624,-0.00102498,0.00060237,0.0006349,0.00036876,0.00091505,0.00037327,-0.00020911,0.00030587,13:18:12..335,,,,
13:18:12..404,14.49568647,0.128488,-0.0010236,0.00060068,0.00063602,0.000376,0.00091961,0.00037502,-0.00020979,0.00031195,13:18:12..437,,,,
13:18:12..545,14.4284571,0.128488,-0.00102402,0.00060025,0.00063575,0.00037631,0.00091962,0.00037556,-0.00021033,0.00031186,13:18:12..543,,,,
13:18:12..579,14.86803375,0.175357,-0.00102226,0.00059901,0.00063636,0.00038085,0.00092364,0.00037731,-0.00020977,0.00031691,13:18:12..622,,,,
13:18:12..752,14.65600266,0.175357,-0.00102252,0.00059867,0.0006365,0.00038105,0.00092433,0.00037737,-0.00020966,0.00031668,13:18:12..622,,,,
13:18:12..785,15.57135639,0.205718,-0.00102003,0.00059692,0.00063698,0.00038657,0.0009309,0.000381,-0.00020968,0.00032171,13:18:12..789,,,,
13:18:12..914,16.03679049,0.205718,-0.00101966,0.00059685,0.0006374,0.00038644,0.00093135,0.00038097,-0.00020923,0.00032199,13:18:12..968,,,,
13:18:12..977,16.77631356,0.205718,-0.00101957,0.0005971,0.00063755,0.00038652,0.00093075,0.00038107,-0.00020936,0.00032235,13:18:12..968,,,,
13:18:13..011,16.98317316,0.244869,-0.0010161,0.00059447,0.00063843,0.00039336,0.00093885,0.00038589,-0.00020938,0.00032742,13:18:13..054,,,,
13:18:13..189,17.42274981,0.244869,-0.00101621,0.0005945,0.00063884,0.00039303,0.00093943,0.00038473,-0.0002091,0.00032748,13:18:13..054,,,,
13:18:13..223,18.88628148,0.267727,-0.00101302,0.00059242,0.00063969,0.00039993,0.00094799,0.00039008,-0.00020916,0.00033157,13:18:13..233,,,,
13:18:13..314,19.12417002,0.267727,-0.00101302,0.00059236,0.00063969,0.00039949,0.0009473,0.00039017,-0.00020957,0.00033228,13:18:13..362,,,,
13:18:13..391,19.68269094,0.267727,-0.00101329,0.00059231,0.00063963,0.00039964,0.0009487,0.00038969,-0.0002095,0.00033155,13:18:13..362,,,,
13:18:13..426,20.50495785,0.284393,-0.00101015,0.0005906,0.00064109,0.00040652,0.00095697,0.00039465,-0.00020933,0.00033582,13:18:13..450,,,,
13:18:13..570,20.89799109,0.284393,-0.00100981,0.00059091,0.00064163,0.00040617,0.00095803,0.00039451,-0.00020942,0.00033585,13:18:13..568,,,,
13:18:13..602,22.27360743,0.295581,-0.00100784,0.00058864,0.00064203,0.00041322,0.00096564,0.00039899,-0.00020912,0.00034013,13:18:13..612,,,,
13:18:13..708,22.99761603,0.295581,-0.00100744,0.00058866,0.0006424,0.00041292,0.0009671,0.0003987,-0.00020936,0.00033931,13:18:13..757,,,,
13:18:13..786,23.44753566,0.295581,-0.00100798,0.00058904,0.00064231,0.00041298,0.00096647,0.00039902,-0.00020921,0.00034004,13:18:13..757,,,,
13:18:13..819,24.47666217,0.30227,-0.00100496,0.00058687,0.00064372,0.00042013,0.00097708,0.00040331,-0.00020946,0.00034343,13:18:13..849,,,,
13:18:13..976,24.53354856,0.30227,-0.00100433,0.00058689,0.00064413,0.00042051,0.00097808,0.00040367,-0.00020876,0.00034311,13:18:13..975,,,,
13:18:14..008,25.9608798,0.305723,-0.00100211,0.00058464,0.00064506,0.00042604,0.00098638,0.00040799,-0.00020883,0.0003471,13:18:14..022,,,,
13:18:14..088,26.1677394,0.305723,-0.00100203,0.00058474,0.00064579,0.00042606,0.00098708,0.00040782,-0.00020879,0.0003473,13:18:14..139,,,,
13:18:14..159,27.25892379,0.305723,-0.00100237,0.00058483,0.00064521,0.00042602,0.0009865,0.00040792,-0.0002086,0.00034731,13:18:14..139,,,,
13:18:14..193,27.41406849,0.306929,-0.00100036,0.00058257,0.00064553,0.00043115,0.00099526,0.00041145,-0.0002093,0.00034952,13:18:14..227,,,,
13:18:14..324,27.63127107,0.306929,-0.00100002,0.00058318,0.00064633,0.0004317,0.00099613,0.000411,-0.00020896,0.00034991,13:18:14..322,,,,
13:18:14..357,28.69659801,0.306361,-0.00099755,0.00058178,0.00064723,0.00043598,0.00100361,0.00041422,-0.00020859,0.00035184,13:18:14..367,,,,
13:18:14..451,29.07411678,0.306361,-0.00099852,0.00058207,0.00064692,0.00043548,0.0010026,0.00041493,-0.00020887,0.00035197,13:18:14..498,,,,
13:18:14..505,29.78261091,0.306361,-0.00099744,0.0005822,0.00064724,0.00043595,0.00100365,0.00041453,-0.00020861,0.00035236,13:18:14..498,,,,
13:18:14..539,29.88086922,0.305052,-0.00099672,0.0005808,0.00064772,0.00043963,0.00100994,0.00041728,-0.00020879,0.00035407,13:18:14..540,,,,
13:18:14..665,30.28941693,0.305052,-0.00099664,0.00058119,0.00064721,0.00043991,0.00100953,0.0004174,-0.00020884,0.00035391,13:18:14..663,,,,
13:18:14..696,30.95136765,0.303147,-0.00099523,0.00058032,0.00064874,0.00044224,0.00101565,0.00041903,-0.00020906,0.00035575,13:18:14..705,,,,
13:18:14..799,31.38577281,0.300711,-0.00099528,0.00058011,0.00064864,0.00044238,0.00101464,0.00041921,-0.00020861,0.00035545,13:18:14..838,,,,
13:18:14..894,31.76846307,0.300711,-0.00099472,0.00058002,0.00064832,0.00044209,0.00101519,0.00041894,-0.00020933,0.00035548,13:18:14..894,,,,
13:18:14..927,32.063238,0.29902,-0.00099324,0.00057891,0.00064974,0.00044636,0.00102141,0.00042229,-0.00020896,0.00035685,13:18:14..939,,,,
13:18:15..023,32.28044058,0.29902,-0.00099312,0.00057933,0.00064991,0.00044663,0.00102118,0.00042235,-0.0002091,0.00035702,13:18:15..066,,,,
13:18:15..087,32.64244488,0.29902,-0.00099271,0.00057927,0.00065021,0.00044656,0.00102212,0.00042234,-0.00020911,0.00035682,13:18:15..066,,,,
13:18:15..120,32.92687683,0.295674,-0.00099224,0.00057859,0.0006509,0.00044894,0.0010257,0.00042394,-0.0002086,0.00035809,13:18:15..154,,,,
13:18:15..270,33.01479216,0.295674,-0.00099194,0.00057776,0.00065126,0.00044861,0.00102637,0.00042373,-0.00020881,0.00035815,13:18:15..268,,,,
13:18:15..305,33.31991007,0.292525,-0.00099099,0.00057737,0.00065141,0.00045084,0.00102958,0.00042445,-0.00020918,0.00035862,13:18:15..268,,,,
13:18:15..381,33.48022626,0.292525,-0.00099111,0.00057773,0.00065072,0.00045108,0.00102895,0.00042548,-0.00020902,0.00035807,13:18:15..413,,,,
13:18:15..421,33.7181148,0.292525,-0.00099064,0.00057808,0.00065181,0.0004512,0.00102984,0.00042507,-0.00020902,0.00035869,13:18:15..413,,,,
13:18:15..454,33.68191437,0.290347,-0.00099089,0.0005773,0.00065125,0.00045211,0.00103134,0.0004265,-0.00020931,0.00035899,13:18:15..457,,,,
13:18:15..536,34.08529059,0.290347,-0.00099066,0.0005772,0.00065157,0.00045169,0.00103182,0.00042619,-0.00020916,0.00035875,13:18:15..581,,,,
13:18:15..611,33.76465821,0.290347,-0.00099044,0.00057776,0.00065135,0.0004523,0.00103177,0.00042611,-0.00020907,0.0003588,13:18:15..581,,,,
13:18:15..645,34.45246638,0.287958,-0.00098954,0.00057737,0.0006526,0.00045339,0.0010354,0.0004271,-0.00020954,0.00035818,13:18:15..666,,,,
13:18:15..783,34.38523701,0.287958,-0.00099003,0.000577,0.00065212,0.00045352,0.00103439,0.00042685,-0.00020979,0.00035832,13:18:15..781,,,,
13:18:15..814,34.68518343,0.28651,-0.00098946,0.00057716,0.0006533,0.00045432,0.00103642,0.00042792,-0.00020952,0.00035726,13:18:15..823,,,,
13:18:15..931,34.38006552,0.28651,-0.00098964,0.00057705,0.00065275,0.00045446,0.00103558,0.00042792,-0.00020964,0.00035736,13:18:15..930,,,,
13:18:15..963,34.3904085,0.28651,-0.00098836,0.00057847,0.00065182,0.0004522,0.00103446,0.00042723,-0.00020914,0.0003544,13:18:15..930,,,,
13:18:15..998,34.37489403,0.284598,-0.00098796,0.00057892,0.00065296,0.00045286,0.00103532,0.00042714,-0.00020922,0.00035462,13:18:16..044,,,,
13:18:16..104,34.60243959,0.284598,-0.00098873,0.00057808,0.00065216,0.00045243,0.00103456,0.00042689,-0.0002093,0.00035434,13:18:16..116,,,,
13:18:16..136,35.0109873,0.283484,-0.00098768,0.0005786,0.00065215,0.00045346,0.00103574,0.00042769,-0.00020924,0.00035274,13:18:16..116,,,,
13:18:16..189,35.09373114,0.282919,-0.00098747,0.00057833,0.00065262,0.00045331,0.00103657,0.00042756,-0.00020907,0.00035316,13:18:16..220,,,,
13:18:16..259,35.02133028,0.282919,-0.00098799,0.00057833,0.00065188,0.00045384,0.00103615,0.00042713,-0.00020885,0.00035359,13:18:16..220,,,,
13:18:16..294,35.26439031,0.282345,-0.00098682,0.00057858,0.00065254,0.00045604,0.00103901,0.00042889,-0.00020902,0.00035323,13:18:16..263,,,,
13:18:16..326,35.35747713,0.280616,-0.0009868,0.00057834,0.00065256,0.00045535,0.00104015,0.00042933,-0.00020906,0.00035245,13:18:16..390,,,,
13:18:16..457,35.50745034,0.280616,-0.00098649,0.00057827,0.00065242,0.00045432,0.00103956,0.00042895,-0.00020887,0.00035245,13:18:16..456,,,,
13:18:16..490,35.85911166,0.27962,-0.00098627,0.00057769,0.00065284,0.0004551,0.00104246,0.0004299,-0.00020906,0.0003522,13:18:16..501,,,,
13:18:16..597,35.71948143,0.27962,-0.00098621,0.00057826,0.00065264,0.00045484,0.00104157,0.00043033,-0.00020838,0.00035304,13:18:16..595,,,,
13:18:16..629,36.29351682,0.278732,-0.00098546,0.00057778,0.00065311,0.00045664,0.00104398,0.00043125,-0.00020853,0.00035384,13:18:16..636,,,,
13:18:16..669,36.27283086,0.278243,-0.00098535,0.00057767,0.00065309,0.00045674,0.00104458,0.0004308,-0.00020859,0.00035384,13:18:16..636,,,,
13:18:16..704,36.29351682,0.278243,-0.00098586,0.0005774,0.00065346,0.00045637,0.00104423,0.00043093,-0.00020875,0.00035339,13:18:16..636,,,,
13:18:16..737,36.5624343,0.27695,-0.00098505,0.00057723,0.0006533,0.00045688,0.00104526,0.00043079,-0.00020878,0.00035401,13:18:16..753,,,,
13:18:16..840,36.53140536,0.27695,-0.00098518,0.00057736,0.00065325,0.00045714,0.00104554,0.00043083,-0.0002092,0.00035365,13:18:16..839,,,,
13:18:16..873,36.62966367,0.276153,-0.00098435,0.00057715,0.00065352,0.00045751,0.00104742,0.00043181,-0.0002087,0.00035391,13:18:16..839,,,,
13:18:16..935,36.80032284,0.276153,-0.0009846,0.00057729,0.00065272,0.00045763,0.00104642,0.00043194,-0.00020873,0.00035413,13:18:16..975,,,,
13:18:16..979,36.84686625,0.276153,-0.00098427,0.000577,0.00065318,0.00045783,0.00104719,0.00043096,-0.00020875,0.00035422,13:18:16..975,,,,
13:18:17..014,36.8727237,0.27498,-0.00098441,0.00057722,0.00065353,0.00045837,0.00104726,0.00043186,-0.00020865,0.00035466,13:18:17..018,,,,
13:18:17..137,36.86238072,0.27498,-0.0009845,0.00057725,0.00065327,0.000458,0.0010473,0.00043177,-0.00020905,0.00035439,13:18:17..135,,,,
13:18:17..168,36.93995307,0.273677,-0.0009836,0.00057765,0.00065416,0.00045802,0.00104857,0.00043183,-0.00020885,0.0003548,13:18:17..135,,,,
13:18:17..233,36.90375264,0.273677,-0.00098388,0.00057705,0.00065314,0.00045753,0.00104744,0.0004322,-0.00020883,0.00035442,13:18:17..262,,,,
13:18:17..270,37.0278684,0.273677,-0.00098381,0.00057701,0.00065412,0.00045772,0.00104841,0.00043188,-0.00020897,0.00035481,13:18:17..262,,,,
13:18:17..303,36.98132499,0.272612,-0.00098408,0.00057666,0.00065342,0.0004576,0.00104808,0.00043221,-0.00020857,0.00035432,13:18:17..304,,,,
13:18:17..430,36.78480837,0.272612,-0.00098344,0.00057644,0.00065391,0.00045807,0.00104856,0.00043221,-0.00020857,0.00035425,13:18:17..427,,,,
13:18:17..463,36.70723602,0.272612,-0.00098378,0.00057738,0.00065342,0.00045841,0.00104881,0.00043242,-0.00020918,0.00035425,13:18:17..427,,,,
13:18:17..496,36.69172155,0.271576,-0.00098362,0.00057702,0.00065358,0.00045875,0.00104862,0.00043211,-0.00020861,0.00035529,13:18:17..567,,,,
13:18:17..614,36.91926711,0.271576,-0.00098369,0.00057683,0.00065391,0.00045843,0.00104813,0.00043195,-0.0002087,0.00035436,13:18:17..613,,,,
13:18:17..647,36.73826496,0.271006,-0.00098396,0.00057694,0.00065328,0.00045823,0.00104968,0.0004328,-0.00020913,0.0003545,13:18:17..656,,,,
13:18:17..770,36.76412241,0.271006,-0.00098379,0.00057704,0.00065378,0.00045885,0.00104993,0.00043249,-0.00020879,0.00035386,13:18:17..768,,,,
13:18:17..802,36.88823817,0.270237,-0.0009833,0.00057644,0.00065383,0.00045832,0.00104958,0.00043274,-0.00020864,0.00035515,13:18:17..813,,,,
13:18:17..919,37.0278684,0.270237,-0.00098331,0.00057665,0.00065399,0.00045758,0.00104953,0.00043239,-0.00020909,0.00035487,13:18:17..917,,,,
13:18:17..951,37.00201095,0.269807,-0.00098296,0.00057658,0.00065357,0.00045863,0.00105066,0.00043248,-0.00020849,0.00035495,13:18:17..960,,,,
13:18:18..065,36.87789519,0.269807,-0.00098338,0.00057663,0.00065398,0.00045782,0.00104973,0.00043239,-0.00020906,0.00035459,13:18:18..063,,,,
13:18:18..098,36.95546754,0.269807,-0.00098274,0.00057701,0.00065388,0.0004587,0.00105043,0.00043314,-0.00020858,0.00035382,13:18:18..063,,,,
13:18:18..131,36.96581052,0.269242,-0.00098274,0.00057691,0.00065444,0.00045885,0.00105039,0.00043274,-0.00020876,0.00035454,13:18:18..203,,,,
13:18:18..291,37.0278684,0.269242,-0.00098341,0.00057647,0.00065367,0.00045912,0.0010493,0.00043279,-0.00020889,0.00035443,13:18:18..290,,,,
13:18:18..322,36.97098201,0.269242,-0.00098295,0.00057655,0.00065407,0.00045885,0.00105118,0.00043297,-0.0002085,0.00035392,13:18:18..290,,,,
13:18:18..356,37.15198416,0.268755,-0.0009828,0.00057704,0.0006539,0.00045854,0.00105025,0.00043294,-0.00020883,0.00035445,13:18:18..398,,,,
13:18:18..458,37.11578373,0.268755,-0.00098273,0.0005769,0.00065407,0.00045915,0.00105111,0.00043343,-0.00020878,0.00035465,13:18:18..456,,,,
13:18:18..490,37.0278684,0.268753,-0.00098291,0.00057708,0.00065379,0.00045822,0.00105034,0.00043311,-0.00020895,0.00035414,13:18:18..501,,,,
13:18:18..597,37.08475479,0.268753,-0.00098246,0.00057673,0.0006544,0.00045864,0.00105124,0.00043293,-0.00020869,0.00035376,13:18:18..595,,,,
13:18:18..629,37.01752542,0.268907,-0.00098252,0.00057715,0.00065465,0.00045919,0.00105127,0.00043335,-0.0002087,0.00035419,13:18:18..640,,,,
13:18:18..693,37.36401525,0.268978,-0.00098307,0.00057697,0.00065461,0.00045911,0.00105075,0.00043355,-0.00020893,0.0003541,13:18:18..737,,,,
13:18:18..751,36.94512456,0.268978,-0.00098247,0.00057646,0.00065471,0.00045901,0.00105123,0.00043331,-0.00020904,0.00035436,13:18:18..737,,,,
13:18:18..785,37.19852757,0.269314,-0.00098239,0.00057728,0.00065511,0.00045862,0.00105169,0.00043307,-0.00020855,0.00035466,13:18:18..824,,,,
13:18:18..901,37.0278684,0.269314,-0.00098284,0.00057708,0.00065427,0.00045911,0.00105066,0.00043286,-0.00020849,0.00035502,13:18:18..900,,,,
13:18:18..934,37.1312982,0.269576,-0.0009826,0.00057698,0.00065402,0.00045903,0.00105027,0.00043313,-0.00020904,0.00035396,13:18:18..944,,,,
13:18:19..037,37.234728,0.269576,-0.00098229,0.00057705,0.00065387,0.00045888,0.00105149,0.00043292,-0.00020911,0.00035403,13:18:19..035,,,,
13:18:19..069,36.98649648,0.269576,-0.0009828,0.00057644,0.00065366,0.00045795,0.00104893,0.00043285,-0.00020899,0.00035393,13:18:19..035,,,,
13:18:19..103,37.07441181,0.269621,-0.00098271,0.00057661,0.00065411,0.00045762,0.00104985,0.00043316,-0.0002086,0.00035396,13:18:19..186,,,,
13:18:19..227,37.04338287,0.269621,-0.0009832,0.00057719,0.00065397,0.00045749,0.00105009,0.00043216,-0.00020892,0.0003543,13:18:19..186,,,,
13:18:19..259,36.89340966,0.269506,-0.00098233,0.00057691,0.00065422,0.00045787,0.00105064,0.00043293,-0.00020842,0.00035374,13:18:19..231,,,,
13:18:19..292,36.89858115,0.269139,-0.00098272,0.00057692,0.00065395,0.00045798,0.00105015,0.00043255,-0.00020917,0.00035387,13:18:19..338,,,,
13:18:19..393,36.98132499,0.269139,-0.00098222,0.00057659,0.0006542,0.00045808,0.0010506,0.0004325,-0.0002085,0.00035393,13:18:19..404,,,,
13:18:19..436,36.82618029,0.269139,-0.0009826,0.00057713,0.00065329,0.00045835,0.00105072,0.0004329,-0.00020866,0.00035395,13:18:19..404,,,,
13:18:19..468,37.1830131,0.268794,-0.00098219,0.00057704,0.00065506,0.00045821,0.00105163,0.0004337,-0.0002086,0.00035409,13:18:19..490,,,,
13:18:19..574,37.25541396,0.268794,-0.00098197,0.00057664,0.00065391,0.00045884,0.00105072,0.00043329,-0.00020876,0.00035409,13:18:19..572,,,,
13:18:19..605,37.04338287,0.268794,-0.0009818,0.00057705,0.00065429,0.00045815,0.00105061,0.00043281,-0.00020848,0.00035421,13:18:19..572,,,,
13:18:19..639,37.27609992,0.268472,-0.00098243,0.00057685,0.00065437,0.00045843,0.00105019,0.00043387,-0.00020838,0.00035396,13:18:19..697,,,,
13:18:19..749,37.12612671,0.268472,-0.00098198,0.00057689,0.00065481,0.00045823,0.00105136,0.0004331,-0.00020836,0.00035389,13:18:19..748,,,,
13:18:19..781,37.30712886,0.268461,-0.00098176,0.00057729,0.0006544,0.00045894,0.00105044,0.00043273,-0.00020899,0.0003537,13:18:19..791,,,,
13:18:19..876,37.26058545,0.268461,-0.00098172,0.00057756,0.00065445,0.0004584,0.00105106,0.00043326,-0.00020868,0.00035382,13:18:19..874,,,,
13:18:19..908,37.21921353,0.268433,-0.00098263,0.00057711,0.0006549,0.00045783,0.00105046,0.00043268,-0.00020873,0.00035403,13:18:19..916,,,,
13:18:20..027,37.16749863,0.268433,-0.0009825,0.00057668,0.00065452,0.00045781,0.00104968,0.0004332,-0.00020906,0.0003539,13:18:20..024,,,,
13:18:20..059,37.26058545,0.268397,-0.00098199,0.00057693,0.00065457,0.0004586,0.00105128,0.00043293,-0.00020823,0.00035366,13:18:20..066,,,,
13:18:20..214,36.95029605,0.268397,-0.00098209,0.00057761,0.00065438,0.00045912,0.00105081,0.00043346,-0.00020872,0.00035392,13:18:20..212,,,,
13:18:20..245,36.85720923,0.268142,-0.00098185,0.00057698,0.0006539,0.00045916,0.00105033,0.00043317,-0.00020846,0.00035415,13:18:20..256,,,,
13:18:20..321,36.77446539,0.268099,-0.00098149,0.00057653,0.0006539,0.00045811,0.00105003,0.00043299,-0.0002089,0.0003535,13:18:20..365,,,,
13:18:20..375,37.04855436,0.268099,-0.00098203,0.00057741,0.00065478,0.00045841,0.00105021,0.00043274,-0.00020857,0.00035388,13:18:20..365,,,,
13:18:20..409,36.96063903,0.268036,-0.00098266,0.00057676,0.00065364,0.00045841,0.00104993,0.0004333,-0.00020907,0.00035399,13:18:20..471,,,,
13:18:20..522,36.91409562,0.268036,-0.00098246,0.00057714,0.0006546,0.00045978,0.00105154,0.00043306,-0.00020842,0.00035381,13:18:20..520,,,,
13:18:20..553,37.14164118,0.268036,-0.00098197,0.00057679,0.00065413,0.00045803,0.00105047,0.00043268,-0.00020839,0.00035362,13:18:20..520,,,,
13:18:20..586,37.03821138,0.268235,-0.00098205,0.00057731,0.00065436,0.00045877,0.00105072,0.0004331,-0.0002088,0.0003532,13:18:20..628,,,,
13:18:20..689,37.14681267,0.268235,-0.00098156,0.00057732,0.00065496,0.00045891,0.00105127,0.00043268,-0.00020877,0.00035331,13:18:20..699,,,,
13:18:20..720,37.09509777,0.268416,-0.0009821,0.00057741,0.00065407,0.00045803,0.00105054,0.00043392,-0.00020881,0.00035385,13:18:20..699,,,,
13:18:20..777,37.21404204,0.268416,-0.00098138,0.00057723,0.00065469,0.00045853,0.00105164,0.00043367,-0.00020865,0.00035371,13:18:20..742,,,,
13:18:20..810,37.14681267,0.26855,-0.00098186,0.00057667,0.00065479,0.0004587,0.00105217,0.00043305,-0.00020874,0.00035379,13:18:20..830,,,,
13:18:20..939,37.14681267,0.26855,-0.00098198,0.00057716,0.00065457,0.00045925,0.0010517,0.00043344,-0.00020883,0.00035321,13:18:20..937,,,,
13:18:20..971,37.21404204,0.26855,-0.00098177,0.00057628,0.00065508,0.0004593,0.00105165,0.00043278,-0.00020874,0.00035371,13:18:20..937,,,,
13:18:21..006,37.43124462,0.268649,-0.0009817,0.00057657,0.00065502,0.0004584,0.00104977,0.00043358,-0.00020877,0.00035363,13:18:21..058,,,,
13:18:21..119,37.26575694,0.268649,-0.00098145,0.00057659,0.00065505,0.00045924,0.00105065,0.00043294,-0.00020895,0.00035328,13:18:21..058,,,,
13:18:21..150,37.30195737,0.268556,-0.0009815,0.00057745,0.00065525,0.00045952,0.00105256,0.00043359,-0.00020857,0.00035377,13:18:21..119,,,,
13:18:21..225,37.27092843,0.268556,-0.00098148,0.00057746,0.00065504,0.00045923,0.00105262,0.00043306,-0.00020878,0.00035406,13:18:21..269,,,,
13:18:21..276,37.09509777,0.268556,-0.00098115,0.00057691,0.00065466,0.00045884,0.0010521,0.00043363,-0.00020896,0.00035413,13:18:21..269,,,,
13:18:21..309,37.22438502,0.268502,-0.00098128,0.00057737,0.0006547,0.00045885,0.0010513,0.00043317,-0.00020912,0.00035386,13:18:21..313,,,,
13:18:21..375,37.00718244,0.268476,-0.00098173,0.00057738,0.00065492,0.00045952,0.00105166,0.00043378,-0.00020824,0.00035361,13:18:21..419,,,,
13:18:21..476,37.02269691,0.268476,-0.00098144,0.00057733,0.00065514,0.00045878,0.00105151,0.00043336,-0.00020869,0.00035381,13:18:21..476,,,,
13:18:21..509,36.95546754,0.268476,-0.00098185,0.00057704,0.00065459,0.0004587,0.0010519,0.00043328,-0.00020865,0.00035363,13:18:21..476,,,,
13:18:21..543,36.96581052,0.26852,-0.00098123,0.0005775,0.00065537,0.0004588,0.0010524,0.00043357,-0.00020833,0.00035356,13:18:21..605,,,,
13:18:21..655,37.19335608,0.26852,-0.00098164,0.00057682,0.00065435,0.00045798,0.00105176,0.00043349,-0.00020876,0.00035379,13:18:21..654,,,,
13:18:21..686,37.14681267,0.26852,-0.00098151,0.00057723,0.00065458,0.00045895,0.00105107,0.00043362,-0.00020903,0.00035348,13:18:21..654,,,,
13:18:21..720,37.17267012,0.268686,-0.00098115,0.00057763,0.00065532,0.0004595,0.00105252,0.00043368,-0.00020863,0.00035348,13:18:21..791,,,,
13:18:21..852,37.01752542,0.268686,-0.00098175,0.00057713,0.00065463,0.00045861,0.0010517,0.00043337,-0.00020888,0.00035388,13:18:21..791,,,,
13:18:21..884,37.32781482,0.268686,-0.00098149,0.00057748,0.00065482,0.00045948,0.00105248,0.0004332,-0.00020903,0.00035365,13:18:21..857,,,,
13:18:21..918,37.01752542,0.268623,-0.00098104,0.00057738,0.00065482,0.00045853,0.00105251,0.00043297,-0.00020891,0.00035372,13:18:21..961,,,,
13:18:22..012,36.98132499,0.268623,-0.00098132,0.00057749,0.00065468,0.00045912,0.00105187,0.00043308,-0.00020887,0.00035427,13:18:21..961,,,,
13:18:22..045,37.04338287,0.268548,-0.00098141,0.00057715,0.00065493,0.00045865,0.0010516,0.00043351,-0.00020889,0.00035371,13:18:22..054,,,,
13:18:22..103,37.1312982,0.268422,-0.00098145,0.00057699,0.00065452,0.00045854,0.00105249,0.00043332,-0.00020905,0.00035313,13:18:22..101,,,,
13:18:22..194,37.19852757,0.268422,-0.00098123,0.00057747,0.00065498,0.00045821,0.00105152,0.00043361,-0.00020847,0.00035358,13:18:22..194,,,,
13:18:22..229,36.99683946,0.268193,-0.00098144,0.00057808,0.00065491,0.00045902,0.00105071,0.00043328,-0.00020862,0.00035334,13:18:22..194,,,,
13:18:22..313,37.19852757,0.268193,-0.00098102,0.00057709,0.00065547,0.00045953,0.00105201,0.00043319,-0.00020865,0.00035315,13:18:22..352,,,,
13:18:22..396,37.11061224,0.268122,-0.00098103,0.00057743,0.00065458,0.00045936,0.00105038,0.00043317,-0.00020871,0.00035319,13:18:22..396,,,,
13:18:22..429,36.98132499,0.268122,-0.00098136,0.00057764,0.00065473,0.00045785,0.00105134,0.00043324,-0.0002088,0.00035302,13:18:22..396,,,,
13:18:22..462,36.97098201,0.268101,-0.00098099,0.00057774,0.00065485,0.00045832,0.00105179,0.00043365,-0.00020903,0.00035353,13:18:22..508,,,,
13:18:22..569,37.15715565,0.268101,-0.00098118,0.00057687,0.00065463,0.00045846,0.00105153,0.00043349,-0.00020897,0.00035348,13:18:22..566,,,,
13:18:22..601,37.16749863,0.268056,-0.00098152,0.00057753,0.00065496,0.00045761,0.00105106,0.0004324,-0.0002085,0.00035337,13:18:22..612,,,,
13:18:22..738,37.25024247,0.268056,-0.00098182,0.0005777,0.00065466,0.00045741,0.00105045,0.00043265,-0.00020872,0.00035285,13:18:22..736,,,,
13:18:22..771,37.01752542,0.267876,-0.00098114,0.00057771,0.00065542,0.00045803,0.00105058,0.00043263,-0.00020877,0.00035335,13:18:22..780,,,,
13:18:22..882,36.89340966,0.267876,-0.00098141,0.00057745,0.00065558,0.00045866,0.00105062,0.00043294,-0.00020861,0.00035289,13:18:22..879,,,,
13:18:22..914,37.08475479,0.267541,-0.00098109,0.00057784,0.00065485,0.00045808,0.00105058,0.00043314,-0.00020891,0.0003534,13:18:22..923,,,,
13:18:23..029,37.43124462,0.267541,-0.00098091,0.00057808,0.00065536,0.00045765,0.0010515,0.00043332,-0.00020883,0.00035307,13:18:23..027,,,,
13:18:23..062,37.15198416,0.26733,-0.00098159,0.00057748,0.00065503,0.00045699,0.00105087,0.00043272,-0.00020846,0.00035333,13:18:23..071,,,,
13:18:23..185,36.98132499,0.26733,-0.00098153,0.00057746,0.0006548,0.00045786,0.00105056,0.00043288,-0.00020858,0.00035289,13:18:23..183,,,,
13:18:23..217,36.99166797,0.26733,-0.00098109,0.00057711,0.00065444,0.00045888,0.00105056,0.00043308,-0.00020893,0.00035323,13:18:23..183,,,,
13:18:23..251,37.06406883,0.267033,-0.00098121,0.00057726,0.00065559,0.00045907,0.00105226,0.0004331,-0.00020825,0.00035343,13:18:23..319,,,,
13:18:23..369,37.01235393,0.267033,-0.00098161,0.00057733,0.00065479,0.00045838,0.00105085,0.00043311,-0.00020859,0.00035275,13:18:23..319,,,,
13:18:23..403,37.13646969,0.266982,-0.00098135,0.00057814,0.00065567,0.0004585,0.00105098,0.00043356,-0.00020842,0.00035282,13:18:23..413,,,,
13:18:23..522,37.0278684,0.266982,-0.00098117,0.00057799,0.00065532,0.00045902,0.00105118,0.00043353,-0.00020866,0.00035304,13:18:23..520,,,,
13:18:23..554,37.01235393,0.266982,-0.00098135,0.00057752,0.00065556,0.00045869,0.0010508,0.00043279,-0.00020917,0.0003528,13:18:23..520,,,,
13:18:23..587,36.85720923,0.267482,-0.00098142,0.00057756,0.00065493,0.00045806,0.00104992,0.0004331,-0.00020883,0.00035243,13:18:23..653,,,,
13:18:23..707,37.00718244,0.267482,-0.00098132,0.00057794,0.00065559,0.00045797,0.0010505,0.00043262,-0.00020901,0.00035193,13:18:23..653,,,,
13:18:23..739,36.94512456,0.26781,-0.00098132,0.00057744,0.00065477,0.0004584,0.00105166,0.00043302,-0.0002087,0.00035263,13:18:23..750,,,,
13:18:23..878,37.06406883,0.26781,-0.00098157,0.00057716,0.00065494,0.0004583,0.00105055,0.00043299,-0.00020856,0.00035292,13:18:23..876,,,,
13:18:23..910,37.20887055,0.26781,-0.00098114,0.00057783,0.00065539,0.00045868,0.00105167,0.00043296,-0.00020876,0.0003537,13:18:23..876,,,,
13:18:23..943,37.22955651,0.267995,-0.00098102,0.00057758,0.00065503,0.00045801,0.00105112,0.00043267,-0.00020836,0.00035324,13:18:24..008,,,,
13:18:24..078,37.18818459,0.267995,-0.00098141,0.00057732,0.00065446,0.00045817,0.00105082,0.00043336,-0.000209,0.00035311,13:18:24..078,,,,
13:18:24..110,36.89858115,0.267737,-0.00098104,0.00057761,0.00065483,0.00045791,0.00105127,0.00043324,-0.00020844,0.00035302,13:18:24..181,,,,
13:18:24..233,36.94512456,0.267737,-0.00098203,0.00057767,0.00065491,0.00045804,0.00105061,0.00043331,-0.00020851,0.00035303,13:18:24..231,,,,
13:18:24..265,36.75377943,0.267538,-0.00098104,0.00057807,0.00065498,0.00045757,0.00105095,0.00043256,-0.0002081,0.00035331,13:18:24..273,,,,
13:18:24..336,36.81583731,0.267505,-0.00098177,0.00057803,0.00065504,0.00045727,0.00105018,0.00043283,-0.00020831,0.00035307,13:18:24..334,,,,
13:18:24..411,36.89858115,0.267505,-0.00098107,0.00057801,0.00065509,0.00045695,0.00105108,0.00043247,-0.00020876,0.00035289,13:18:24..377,,,,
13:18:24..444,36.96581052,0.267447,-0.00098191,0.00057738,0.00065415,0.00045717,0.00104911,0.00043325,-0.00020863,0.00035325,13:18:24..419,,,,
13:18:24..479,36.84686625,0.267363,-0.00098128,0.00057797,0.00065466,0.00045767,0.0010506,0.00043276,-0.00020859,0.00035293,13:18:24..535,,,,
13:18:24..587,37.01752542,0.267363,-0.00098146,0.00057781,0.00065491,0.00045752,0.00104998,0.00043284,-0.00020862,0.00035318,13:18:24..584,,,,
13:18:24..618,36.85203774,0.267177,-0.00098119,0.00057801,0.00065524,0.0004568,0.00105006,0.00043246,-0.00020863,0.00035338,13:18:24..627,,,,
13:18:24..724,36.85203774,0.267177,-0.00098196,0.00057734,0.00065419,0.00045692,0.00104961,0.00043245,-0.00020888,0.00035298,13:18:24..722,,,,
13:18:24..758,36.74343645,0.26697,-0.00098139,0.00057741,0.00065433,0.00045698,0.00104973,0.0004332,-0.0002087,0.00035251,13:18:24..765,,,,
13:18:24..881,37.04338287,0.26697,-0.00098099,0.00057797,0.00065501,0.00045682,0.00105065,0.00043303,-0.00020867,0.00035265,13:18:24..881,,,,
13:18:24..914,37.07441181,0.26697,-0.00098217,0.00057799,0.00065468,0.0004567,0.00104948,0.00043294,-0.00020858,0.00035241,13:18:24..881,,,,
13:18:24..949,36.9244386,0.266507,-0.0009811,0.00057822,0.00065523,0.00045756,0.00104972,0.0004325,-0.00020834,0.00035294,13:18:24..988,,,,
13:18:25..033,36.71240751,0.266507,-0.00098115,0.000578,0.00065514,0.0004577,0.00104948,0.00043277,-0.00020888,0.00035276,13:18:25..031,,,,
13:18:25..066,37.03303989,0.266308,-0.00098136,0.00057774,0.00065496,0.00045696,0.00104972,0.00043255,-0.00020904,0.00035253,13:18:25..075,,,,
13:18:25..196,37.01752542,0.266308,-0.00098144,0.00057803,0.00065463,0.00045747,0.00104996,0.00043269,-0.00020854,0.0003529,13:18:25..193,,,,
13:18:25..228,36.87789519,0.266097,-0.00098077,0.00057771,0.00065535,0.00045767,0.00105025,0.0004333,-0.00020831,0.00035265,13:18:25..193,,,,
13:18:25..315,37.15715565,0.266177,-0.0009809,0.00057749,0.00065476,0.00045771,0.00104973,0.000434,-0.00020849,0.00035294,13:18:25..344,,,,
13:18:25..391,36.95546754,0.266177,-0.00098129,0.00057772,0.00065463,0.00045727,0.00104974,0.00043251,-0.00020875,0.00035214,13:18:25..344,,,,
13:18:25..425,37.06406883,0.266216,-0.00098096,0.00057797,0.00065486,0.00045722,0.00104936,0.000433,-0.00020848,0.00035298,13:18:25..425,,,,
13:18:25..458,36.89340966,0.266299,-0.00098151,0.00057804,0.0006545,0.00045602,0.00104961,0.00043242,-0.00020866,0.00035269,13:18:25..467,,,,
13:18:25..556,36.87789519,0.266299,-0.00098114,0.00057794,0.00065462,0.0004557,0.00104938,0.00043193,-0.00020863,0.00035268,13:18:25..554,,,,
13:18:25..589,36.85720923,0.26656,-0.00098107,0.0005779,0.00065566,0.00045735,0.00105,0.00043267,-0.00020856,0.00035257,13:18:25..597,,,,
13:18:25..694,37.0278684,0.26656,-0.00098164,0.00057772,0.00065446,0.00045703,0.00104847,0.00043274,-0.00020896,0.00035222,13:18:25..694,,,,
13:18:25..728,37.11061224,0.26656,-0.00098095,0.00057803,0.0006552,0.00045711,0.00104963,0.00043372,-0.00020873,0.00035291,13:18:25..694,,,,
13:18:25..763,36.97098201,0.266748,-0.00098093,0.00057755,0.00065555,0.00045739,0.00104975,0.00043357,-0.00020825,0.000353,13:18:25..815,,,,
13:18:25..865,37.06924032,0.266748,-0.00098176,0.00057715,0.00065476,0.00045663,0.001049,0.0004333,-0.00020863,0.00035269,13:18:25..863,,,,
13:18:25..896,37.08475479,0.266759,-0.00098084,0.00057716,0.0006557,0.00045746,0.00105107,0.00043282,-0.00020918,0.00035255,13:18:25..906,,,,
13:18:25..949,37.17784161,0.266842,-0.000981,0.00057804,0.0006551,0.00045736,0.00104977,0.0004328,-0.00020864,0.00035276,13:18:25..950,,,,
13:18:26..002,36.86755221,0.266842,-0.00098047,0.00057761,0.0006557,0.00045738,0.00105014,0.00043293,-0.00020931,0.00035256,13:18:25..950,,,,
13:18:26..035,36.84169476,0.266842,-0.0009805,0.0005774,0.00065457,0.00045721,0.00105014,0.00043194,-0.00020843,0.00035281,13:18:26..009,,,,
13:18:26..068,37.04338287,0.267126,-0.00098063,0.00057781,0.00065491,0.00045764,0.0010501,0.00043241,-0.00020849,0.00035256,13:18:26..113,,,,
13:18:26..170,36.79515135,0.267126,-0.00098141,0.00057804,0.00065508,0.00045703,0.00104932,0.0004326,-0.00020881,0.0003525,13:18:26..180,,,,
13:18:26..202,37.17267012,0.267486,-0.00098125,0.00057789,0.0006549,0.00045787,0.00104948,0.0004336,-0.00020865,0.00035273,13:18:26..180,,,,
13:18:26..287,37.11061224,0.267486,-0.00098077,0.00057807,0.00065555,0.00045739,0.00105112,0.00043403,-0.00020837,0.00035268,13:18:26..322,,,,
13:18:26..329,36.96063903,0.267486,-0.0009809,0.00057791,0.00065489,0.00045675,0.00104964,0.0004337,-0.00020892,0.00035221,13:18:26..322,,,,
13:18:26..364,36.9244386,0.267723,-0.00098121,0.0005774,0.0006552,0.0004575,0.00105119,0.00043268,-0.00020863,0.00035229,13:18:26..367,,,,
13:18:26..486,36.99166797,0.267723,-0.00098084,0.00057726,0.00065458,0.00045773,0.0010503,0.00043272,-0.00020882,0.00035296,13:18:26..485,,,,
13:18:26..519,36.77963688,0.268059,-0.00098085,0.00057774,0.00065514,0.0004569,0.00104985,0.00043299,-0.00020867,0.00035267,13:18:26..528,,,,
13:18:26..643,37.26058545,0.268059,-0.00098046,0.00057791,0.00065582,0.00045663,0.00105063,0.00043254,-0.0002086,0.00035258,13:18:26..641,,,,
13:18:26..675,37.06406883,0.268059,-0.00098091,0.00057837,0.00065507,0.00045787,0.00105015,0.0004328,-0.00020882,0.00035236,13:18:26..641,,,,
13:18:26..709,37.11578373,0.26848,-0.00098083,0.00057764,0.00065487,0.00045721,0.00105051,0.00043249,-0.00020918,0.00035242,13:18:26..788,,,,
13:18:26..839,36.8727237,0.26848,-0.00098083,0.00057798,0.00065462,0.00045743,0.00105027,0.00043299,-0.00020856,0.00035285,13:18:26..849,,,,
13:18:26..881,36.99166797,0.26848,-0.00098102,0.00057783,0.00065566,0.00045748,0.00105022,0.00043263,-0.00020866,0.00035194,13:18:26..849,,,,
13:18:26..914,36.90892413,0.268461,-0.00098068,0.00057869,0.00065641,0.00045743,0.00104992,0.00043242,-0.0002083,0.00035195,13:18:26..894,,,,
13:18:26..948,36.9761535,0.268068,-0.00098091,0.00057823,0.0006545,0.00045711,0.00104916,0.00043283,-0.00020859,0.00035297,13:18:27..037,,,,
13:18:27..099,36.70206453,0.268068,-0.00097998,0.00057792,0.00065562,0.00045713,0.0010503,0.00043248,-0.00020835,0.00035267,13:18:27..109,,,,
13:18:27..141,37.26058545,0.268068,-0.00098088,0.00057763,0.00065461,0.00045723,0.00104948,0.00043234,-0.00020831,0.00035297,13:18:27..109,,,,
13:18:27..175,37.13646969,0.267731,-0.00098083,0.00057828,0.00065532,0.00045721,0.00104994,0.00043292,-0.00020853,0.00035248,13:18:27..198,,,,
13:18:27..289,36.82618029,0.267731,-0.00098081,0.000578,0.00065479,0.00045711,0.00104991,0.00043245,-0.00020852,0.00035225,13:18:27..289,,,,
13:18:27..324,36.94512456,0.267247,-0.00098113,0.00057776,0.00065412,0.00045627,0.0010485,0.00043275,-0.00020877,0.00035257,13:18:27..335,,,,
13:18:27..453,36.72275049,0.267247,-0.00098081,0.00057786,0.0006548,0.00045637,0.0010498,0.00043259,-0.00020882,0.00035232,13:18:27..450,,,,
13:18:27..484,36.98649648,0.267247,-0.00098036,0.00057866,0.00065546,0.00045743,0.00105092,0.00043321,-0.00020869,0.00035217,13:18:27..450,,,,
13:18:27..519,36.85720923,0.26695,-0.00098092,0.0005779,0.00065447,0.00045716,0.00104955,0.00043276,-0.00020842,0.00035296,13:18:27..571,,,,
13:18:27..616,36.97098201,0.26695,-0.00098078,0.00057758,0.00065458,0.00045717,0.00105062,0.00043262,-0.00020894,0.00035254,13:18:27..571,,,,
13:18:27..647,37.12095522,0.266838,-0.00098035,0.00057798,0.00065529,0.00045737,0.00105006,0.00043306,-0.00020886,0.0003526,13:18:27..617,,,,
13:18:27..682,37.11578373,0.266881,-0.00098065,0.00057779,0.00065467,0.00045696,0.00105069,0.00043273,-0.00020845,0.00035247,13:18:27..753,,,,
13:18:27..804,37.31230035,0.266881,-0.00098099,0.00057743,0.00065438,0.00045746,0.00105007,0.00043303,-0.00020884,0.00035248,13:18:27..803,,,,
13:18:27..836,36.85203774,0.266881,-0.00098108,0.0005783,0.00065494,0.0004575,0.00105033,0.00043299,-0.00020856,0.00035279,13:18:27..803,,,,
13:18:27..871,36.8727237,0.266891,-0.00098111,0.00057792,0.00065492,0.0004567,0.00104928,0.00043279,-0.00020909,0.00035238,13:18:27..849,,,,
13:18:27..911,37.16749863,0.266855,-0.00098046,0.00057785,0.00065511,0.00045697,0.00105061,0.00043225,-0.00020812,0.00035242,13:18:27..955,,,,
13:18:27..966,37.13646969,0.266855,-0.00098081,0.00057836,0.00065498,0.0004565,0.00104891,0.00043296,-0.00020849,0.00035241,13:18:27..955,,,,
13:18:27..999,37.0278684,0.266855,-0.00098107,0.00057792,0.00065454,0.00045631,0.00104896,0.00043338,-0.00020822,0.00035275,13:18:27..999,,,,
13:18:28..044,37.25541396,0.266875,-0.00098052,0.00057853,0.00065487,0.00045617,0.00104954,0.00043262,-0.0002082,0.00035263,13:18:28..044,,,,
13:18:28..091,37.04855436,0.266875,-0.00098068,0.00057779,0.00065466,0.00045615,0.00104952,0.00043297,-0.00020867,0.00035235,13:18:28..128,,,,
13:18:28..135,36.53140536,0.266875,-0.00098076,0.0005781,0.00065481,0.00045662,0.00104946,0.00043272,-0.00020865,0.00035249,13:18:28..128,,,,
13:18:28..167,36.94512456,0.267002,-0.00098094,0.00057825,0.00065494,0.00045675,0.00104904,0.00043274,-0.00020857,0.00035218,13:18:28..171,,,,
13:18:28..265,37.26575694,0.267002,-0.00098043,0.00057795,0.00065506,0.00045708,0.00104976,0.00043287,-0.00020867,0.00035239,13:18:28..262,,,,
13:18:28..296,37.26575694,0.267235,-0.00098092,0.00057812,0.00065458,0.00045789,0.00104904,0.00043358,-0.00020842,0.00035194,13:18:28..307,,,,
13:18:28..417,37.26575694,0.267235,-0.00098032,0.00057798,0.00065471,0.00045754,0.00104993,0.00043342,-0.00020852,0.00035222,13:18:28..414,,,,
13:18:28..449,36.96581052,0.267626,-0.00098069,0.00057794,0.00065481,0.00045777,0.00105018,0.00043294,-0.0002085,0.00035231,13:18:28..458,,,,
13:18:28..567,36.85203774,0.267626,-0.00098082,0.00057775,0.00065454,0.00045739,0.0010496,0.00043348,-0.00020827,0.00035255,13:18:28..565,,,,
13:18:28..599,36.95029605,0.26783,-0.00098102,0.00057835,0.00065506,0.00045656,0.00104939,0.00043277,-0.00020852,0.00035226,13:18:28..608,,,,
13:18:28..730,37.10544075,0.26783,-0.00098122,0.0005782,0.00065507,0.0004567,0.00104924,0.00043251,-0.00020842,0.00035191,13:18:28..728,,,,
13:18:28..762,36.9244386,0.26783,-0.00098063,0.00057806,0.00065512,0.00045725,0.00104939,0.00043289,-0.00020852,0.00035255,13:18:28..728,,,,
13:18:28..796,36.93478158,0.268512,-0.00098023,0.00057819,0.00065454,0.00045623,0.00104933,0.00043305,-0.00020911,0.00035217,13:18:28..858,,,,
13:18:28..922,37.29161439,0.268512,-0.00098066,0.00057834,0.00065453,0.00045613,0.00104935,0.00043261,-0.00020881,0.00035197,13:18:28..922,,,,
13:18:28..955,36.97098201,0.268764,-0.00098102,0.00057801,0.0006551,0.00045597,0.00104937,0.00043215,-0.00020872,0.00035218,13:18:28..965,,,,
13:18:29..060,37.04338287,0.268764,-0.00098057,0.00057821,0.00065476,0.00045623,0.00104827,0.00043185,-0.0002088,0.00035239,13:18:29..058,,,,
13:18:29..092,36.80032284,0.268895,-0.00098052,0.00057807,0.00065532,0.00045732,0.00104914,0.00043293,-0.00020897,0.00035176,13:18:29..094,,,,
13:18:29..236,37.03821138,0.268895,-0.00098071,0.0005781,0.00065507,0.0004568,0.00104884,0.00043293,-0.00020838,0.00035184,13:18:29..235,,,,
13:18:29..268,37.11578373,0.268895,-0.00098093,0.00057836,0.00065452,0.00045662,0.00104792,0.00043243,-0.00020875,0.0003519,13:18:29..235,,,,
13:18:29..302,37.08475479,0.268946,-0.00098087,0.00057843,0.00065499,0.00045662,0.00104848,0.00043197,-0.00020855,0.00035229,13:18:29..369,,,,
13:18:29..422,36.74343645,0.268946,-0.00098116,0.00057805,0.0006542,0.00045664,0.0010483,0.0004318,-0.00020883,0.00035133,13:18:29..421,,,,
13:18:29..455,36.80549433,0.268821,-0.00098098,0.00057796,0.00065438,0.0004556,0.0010484,0.00043236,-0.00020874,0.00035166,13:18:29..463,,,,
13:18:29..584,36.75895092,0.268821,-0.0009806,0.00057849,0.00065501,0.00045561,0.00104932,0.0004326,-0.00020921,0.00035174,13:18:29..582,,,,
13:18:29..616,36.94512456,0.268512,-0.00098008,0.00057847,0.00065487,0.00045623,0.00104982,0.00043208,-0.000209,0.000352,13:18:29..625,,,,
13:18:29..736,37.09509777,0.268512,-0.00098102,0.00057846,0.00065501,0.00045631,0.00104823,0.00043266,-0.00020889,0.00035153,13:18:29..734,,,,
13:18:29..767,37.21921353,0.268512,-0.00098021,0.00057847,0.00065482,0.00045649,0.00104952,0.00043273,-0.00020896,0.00035213,13:18:29..734,,,,
13:18:29..801,37.10544075,0.268188,-0.00098027,0.00057765,0.00065456,0.00045648,0.00104877,0.00043261,-0.00020882,0.00035249,13:18:29..863,,,,
13:18:29..914,36.98649648,0.268188,-0.00098069,0.00057778,0.00065469,0.00045642,0.00104973,0.00043246,-0.00020901,0.00035199,13:18:29..913,,,,
13:18:29..947,36.98649648,0.26797,-0.00098053,0.00057844,0.00065466,0.00045696,0.001049,0.00043279,-0.00020901,0.00035196,13:18:29..913,,,,
13:18:30..023,36.99683946,0.26797,-0.0009807,0.0005781,0.00065495,0.00045605,0.00104877,0.0004324,-0.00020915,0.00035178,13:18:30..021,,,,
13:18:30..055,37.35367227,0.267809,-0.00098034,0.00057824,0.00065456,0.00045646,0.00104961,0.00043263,-0.00020857,0.0003521,13:18:30..066,,,,
13:18:30..089,37.15715565,0.267399,-0.00098002,0.00057857,0.0006552,0.00045692,0.00104925,0.00043263,-0.00020882,0.00035245,13:18:30..066,,,,
13:18:30..171,37.10026926,0.267399,-0.00098057,0.0005789,0.00065491,0.00045663,0.00104813,0.00043307,-0.00020876,0.0003518,13:18:30..178,,,,
13:18:30..224,37.10026926,0.26722,-0.00098026,0.00057832,0.00065542,0.00045713,0.00104921,0.00043278,-0.00020891,0.00035219,13:18:30..178,,,,
13:18:30..258,37.31747184,0.26722,-0.00098014,0.00057884,0.00065451,0.00045653,0.00104863,0.00043208,-0.00020887,0.0003519,13:18:30..225,,,,
13:18:30..290,36.92961009,0.266885,-0.00098081,0.00057813,0.00065489,0.00045682,0.00104889,0.00043265,-0.00020878,0.00035199,13:18:30..348,,,,
13:18:30..352,36.62966367,0.266825,-0.00098054,0.00057821,0.0006554,0.00045653,0.00104949,0.00043244,-0.00020884,0.00035182,13:18:30..390,,,,
13:18:30..411,36.77446539,0.266825,-0.00098049,0.00057838,0.00065505,0.00045613,0.00104924,0.00043292,-0.00020849,0.0003524,13:18:30..390,,,,
13:18:30..446,20.02400928,0.266749,-0.00098076,0.00057896,0.00065505,0.00045516,0.00104725,0.00043186,-0.00020836,0.0003507,13:18:30..479,,,,
13:18:30..488,-3.83207409,0.265827,-0.00098076,0.00057921,0.00065503,0.00045502,0.00104639,0.0004322,-0.00020851,0.00035048,13:18:30..522,,,,
13:18:30..537,-19.82232117,0.265827,-0.00098114,0.00057845,0.00065508,0.00045488,0.00104585,0.00043133,-0.00020861,0.00035096,13:18:30..522,,,,
13:18:30..570,15.38518275,0.257513,-0.00099218,0.00058829,0.00064792,0.00043017,0.00100566,0.00041667,-0.00020533,0.00033842,13:18:30..566,,,,
13:18:30..651,41.44949235,0.249958,-0.00099239,0.00058798,0.00064833,0.00043065,0.00100646,0.00041626,-0.00020535,0.00033785,13:18:30..678,,,,
13:18:30..692,23.15276073,0.249958,-0.00099266,0.00058805,0.00064784,0.00043048,0.00100495,0.00041627,-0.00020516,0.00033791,13:18:30..678,,,,
13:18:30..725,21.08416473,0.221122,-0.00100056,0.00059602,0.00064465,0.00041055,0.00096779,0.00040073,-0.00020538,0.00032312,13:18:30..792,,,,
13:18:30..855,18.62253549,0.221122,-0.00100061,0.00059575,0.00064465,0.00041024,0.00096685,0.00040041,-0.00020492,0.00032245,13:18:30..854,,,,
13:18:30..886,10.6532694,0.221122,-0.00100503,0.00059921,0.00064193,0.00039966,0.00095291,0.0003938,-0.00020559,0.00031987,13:18:30..854,,,,
13:18:30..920,9.9292608,0.200024,-0.00100537,0.00060017,0.00064167,0.00039729,0.0009492,0.00039264,-0.00020535,0.00031956,13:18:30..988,,,,
13:18:30..992,8.56915893,0.178784,-0.00100562,0.00060023,0.00064235,0.00039798,0.00094968,0.00039278,-0.00020514,0.00032002,13:18:31..030,,,,
13:18:31..049,12.61326411,0.178784,-0.00100593,0.00059987,0.00064148,0.00039735,0.00094913,0.00039227,-0.00020572,0.00031955,13:18:31..030,,,,
13:18:31..084,10.66361238,0.148309,-0.00100882,0.00060286,0.00064098,0.00039028,0.00093733,0.00038666,-0.00020628,0.00031632,13:18:31..074,,,,
13:18:31..172,8.9983926,0.148309,-0.00100831,0.00060351,0.00064106,0.00039046,0.00093725,0.00038673,-0.00020609,0.00031654,13:18:31..172,,,,
13:18:31..206,6.83153829,0.129641,-0.00100968,0.00060375,0.00064024,0.0003863,0.00093275,0.0003847,-0.00020542,0.00031843,13:18:31..172,,,,
13:18:31..267,4.89740103,0.129641,-0.00100984,0.00060393,0.00064099,0.00038605,0.00093191,0.00038518,-0.00020573,0.00031858,13:18:31..321,,,,
13:18:31..339,5.86446966,0.129641,-0.00100992,0.00060356,0.00063999,0.00038553,0.00093202,0.00038441,-0.00020536,0.00031833,13:18:31..321,,,,
13:18:31..374,5.60589516,0.11269,-0.00101364,0.00060504,0.00063952,0.00038113,0.00092599,0.00038131,-0.00020532,0.00031346,13:18:31..366,,,,
13:18:31..407,5.7920688,0.097392,-0.00101372,0.00060515,0.0006395,0.00038078,0.00092546,0.00038128,-0.00020513,0.00031338,13:18:31..410,,,,
13:18:31..487,6.3092178,0.097392,-0.00101333,0.0006053,0.00063922,0.00038124,0.00092534,0.00038111,-0.0002052,0.00031359,13:18:31..486,,,,
13:18:31..520,5.02151679,0.090394,-0.00101505,0.00060674,0.00063967,0.00037795,0.00092084,0.0003794,-0.00020489,0.00031175,13:18:31..529,,,,
13:18:31..555,4.654341,0.090394,-0.00101573,0.0006067,0.00063937,0.00037757,0.00092069,0.00037947,-0.00020501,0.00031086,13:18:31..529,,,,
13:18:31..590,4.21993584,0.077583,-0.00101561,0.00060679,0.00063977,0.00037748,0.00092063,0.00037913,-0.00020502,0.00031058,13:18:31..645,,,,
13:18:31..649,3.56315661,0.071793,-0.00101594,0.00060671,0.00063926,0.00037655,0.00092068,0.00037903,-0.00020488,0.00031056,13:18:31..688,,,,
13:18:31..702,3.37181148,0.071793,-0.00101615,0.00060641,0.00063919,0.00037713,0.00092021,0.00037935,-0.00020527,0.00031028,13:18:31..688,,,,
13:18:31..736,3.63555747,0.066365,-0.00101648,0.00060728,0.00063951,0.00037522,0.00091966,0.00037893,-0.00020422,0.00030981,13:18:31..731,,,,
13:18:31..770,3.51144171,0.061297,-0.00101626,0.00060717,0.00063985,0.00037534,0.00092005,0.00037878,-0.00020392,0.00030961,13:18:31..774,,,,
13:18:31..804,3.59418555,0.047998,-0.00101647,0.00060789,0.00064014,0.00037504,0.0009195,0.00037812,-0.00020403,0.00030904,13:18:31..868,,,,
13:18:31..936,3.84241707,0.047998,-0.00101711,0.0006075,0.00063935,0.00037505,0.00091879,0.00037836,-0.00020419,0.00030947,13:18:31..935,,,,
13:18:31..968,3.80621664,0.044134,-0.00101735,0.00060811,0.00063981,0.00037407,0.00091875,0.00037822,-0.00020484,0.00030894,13:18:31..935,,,,
13:18:32..002,3.59418555,0.040519,-0.0010173,0.00060748,0.00063982,0.00037439,0.00091938,0.00037815,-0.0002041,0.00030921,13:18:32..024,,,,
13:18:32..070,3.35112552,0.031379,-0.00101694,0.00060776,0.00063984,0.0003743,0.00091861,0.00037819,-0.00020426,0.00030931,13:18:32..126,,,,
13:18:32..176,3.68210088,0.031379,-0.00101747,0.00060768,0.00064025,0.00037428,0.00091941,0.000378,-0.00020449,0.00030934,13:18:32..175,,,,
13:18:32..211,3.43386936,0.028764,-0.00101741,0.0006078,0.00063957,0.00037354,0.00091845,0.00037812,-0.0002037,0.00030946,13:18:32..219,,,,
13:18:32..244,3.67692939,0.02632,-0.00101756,0.000608,0.00063993,0.00037407,0.00091858,0.00037849,-0.00020356,0.00030947,13:18:32..304,,,,
13:18:32..350,3.68727237,0.021979,-0.00101783,0.00060784,0.00063967,0.00037396,0.00091896,0.00037786,-0.00020421,0.00030915,13:18:32..348,,,,
13:18:32..384,3.59935704,0.02005,-0.00101748,0.00060764,0.0006396,0.00037386,0.00091951,0.00037797,-0.00020421,0.00030839,13:18:32..391,,,,
13:18:32..462,3.53212767,0.02005,-0.00101782,0.0006078,0.00063936,0.00037335,0.00091866,0.00037826,-0.00020377,0.00030897,13:18:32..459,,,,
13:18:32..494,3.69244386,0.016675,-0.0010175,0.00060768,0.00063975,0.00037357,0.00091954,0.00037768,-0.00020383,0.00030874,13:18:32..502,,,,
13:18:32..527,3.58384257,0.01516,-0.00101818,0.00060802,0.00063967,0.00037356,0.00091876,0.00037784,-0.00020369,0.00030879,13:18:32..548,,,,
13:18:32..570,3.47006979,0.013767,-0.00101806,0.00060763,0.0006401,0.00037307,0.00091905,0.0003777,-0.00020408,0.00030878,13:18:32..615,,,,
13:18:32..628,3.49592724,0.013767,-0.001018,0.00060768,0.0006397,0.00037352,0.0009188,0.00037788,-0.00020406,0.00030889,13:18:32..615,,,,
13:18:32..659,3.59418555,0.011295,-0.00101871,0.00060797,0.00063955,0.00037345,0.00091846,0.00037778,-0.00020365,0.00030874,13:18:32..728,,,,
13:18:32..763,3.60970002,0.011295,-0.00101845,0.00060784,0.00063964,0.0003733,0.00091927,0.000378,-0.00020375,0.00030883,13:18:32..728,,,,
13:18:32..794,3.53729916,0.008224,-0.00101891,0.00060762,0.00063901,0.00037324,0.00091863,0.00037767,-0.00020396,0.00030846,13:18:32..817,,,,
13:18:32..873,3.5683281,0.00658,-0.00101879,0.00060766,0.00063933,0.00037328,0.0009194,0.00037786,-0.0002038,0.00030833,13:18:32..913,,,,
13:18:32..966,3.58901406,0.00658,-0.00101885,0.00060731,0.00063887,0.00037333,0.00091804,0.00037803,-0.00020397,0.00030853,13:18:32..913,,,,
13:18:33..000,3.61487151,0.005172,-0.00101913,0.00060764,0.00063953,0.00037349,0.00091862,0.00037783,-0.0002043,0.00030851,13:18:32..966,,,,
13:18:33..080,3.70795833,0.005172,-0.00101904,0.00060787,0.00063943,0.00037297,0.00091922,0.00037767,-0.00020384,0.00030839,13:18:33..121,,,,
13:18:33..128,3.62521449,0.005172,-0.0010188,0.00060738,0.00063935,0.00037295,0.0009181,0.00037742,-0.00020391,0.00030824,13:18:33..121,,,,
13:18:33..159,3.70795833,0.003587,-0.00101918,0.00060778,0.00063881,0.00037248,0.00091832,0.00037741,-0.00020408,0.0003082,13:18:33..165,,,,
13:18:33..223,3.62521449,0.003587,-0.00101879,0.00060753,0.00063942,0.00037284,0.00091941,0.00037755,-0.00020362,0.00030836,13:18:33..262,,,,
13:18:33..294,3.620043,0.003587,-0.00101933,0.0006075,0.00063911,0.00037321,0.00091854,0.00037759,-0.00020408,0.00030843,13:18:33..262,,,,
13:18:33..327,3.47524128,0.0019,-0.00101907,0.00060771,0.00063967,0.00037285,0.00091909,0.00037753,-0.0002034,0.00030792,13:18:33..350,,,,
13:18:33..464,3.4131834,0.0019,-0.00101921,0.00060758,0.00063905,0.0003728,0.00091853,0.00037761,-0.00020346,0.00030792,13:18:33..460,,,,
13:18:33..495,3.6717579,0.0019,-0.00101918,0.00060724,0.00063946,0.00037273,0.00091905,0.00037761,-0.00020402,0.00030797,13:18:33..460,,,,
13:18:33..529,3.66141492,0.000935,-0.00101968,0.00060779,0.00063906,0.00037261,0.00091803,0.00037778,-0.0002036,0.00030777,13:18:33..586,,,,
13:18:33..632,3.58384257,0.000673,-0.00101904,0.0006076,0.00063956,0.00037251,0.000919,0.00037792,-0.000204,0.0003078,13:18:33..586,,,,
13:18:33..663,3.6717579,0.000226,-0.00101903,0.00060733,0.00063941,0.00037236,0.000919,0.00037739,-0.0002042,0.00030789,13:18:33..676,,,,
13:18:33..769,3.60452853,0.000226,-0.00101974,0.00060703,0.00063887,0.00037227,0.00091852,0.0003778,-0.00020416,0.00030824,13:18:33..767,,,,
13:18:33..800,3.69761535,-0.000197,-0.00101939,0.00060695,0.00063935,0.00037243,0.00091878,0.000378,-0.00020358,0.00030848,13:18:33..813,,,,
13:18:33..923,3.65107194,-0.000197,-0.00101974,0.00060703,0.00063925,0.00037265,0.00091944,0.00037751,-0.00020412,0.000308,13:18:33..921,,,,
13:18:33..955,3.70278684,-0.000557,-0.00101894,0.00060703,0.00063982,0.00037191,0.00091989,0.00037731,-0.00020345,0.00030806,13:18:33..963,,,,
13:18:34..084,3.60452853,-0.000557,-0.00101901,0.00060734,0.00063892,0.00037247,0.00091853,0.0003776,-0.00020382,0.00030784,13:18:34..082,,,,
13:18:34..116,3.52178469,-0.000917,-0.00101989,0.00060715,0.00063859,0.00037198,0.00091833,0.00037721,-0.0002041,0.00030756,13:18:34..126,,,,
13:18:34..251,3.47006979,-0.000917,-0.00101932,0.00060694,0.00063917,0.00037176,0.00091926,0.00037694,-0.0002037,0.00030759,13:18:34..249,,,,
13:18:34..284,3.59418555,-0.001312,-0.00101947,0.00060682,0.00063885,0.00037179,0.00091856,0.00037706,-0.00020436,0.00030769,13:18:34..249,,,,
13:18:34..341,3.57867108,-0.001312,-0.00101928,0.00060727,0.00063888,0.00037162,0.00091929,0.00037719,-0.00020339,0.00030787,13:18:34..372,,,,
13:18:34..380,3.66658641,-0.001312,-0.00101963,0.000607,0.00063916,0.00037157,0.00091915,0.00037775,-0.00020404,0.00030787,13:18:34..372,,,,
13:18:34..414,3.62521449,-0.001331,-0.00101947,0.0006072,0.00063867,0.0003717,0.00091879,0.00037766,-0.00020388,0.00030786,13:18:34..416,,,,
13:18:34..525,3.57867108,-0.001331,-0.00101964,0.00060689,0.00063923,0.00037134,0.00091902,0.00037712,-0.00020406,0.00030769,13:18:34..522,,,,
13:18:34..557,3.55798512,-0.001326,-0.00101941,0.000607,0.00063912,0.00037167,0.00091865,0.00037714,-0.00020405,0.00030792,13:18:34..565,,,,
13:18:34..655,3.65107194,-0.001326,-0.0010194,0.00060652,0.00063862,0.00037171,0.0009186,0.0003774,-0.00020362,0.00030754,13:18:34..653,,,,
13:18:34..688,3.59418555,-0.001487,-0.0010187,0.00060672,0.00063893,0.00037144,0.00091914,0.00037769,-0.00020388,0.00030768,13:18:34..695,,,,
13:18:34..774,3.57867108,-0.001487,-0.00101936,0.00060678,0.00063863,0.00037149,0.00091838,0.00037758,-0.00020424,0.00030756,13:18:34..772,,,,
13:18:34..806,3.65107194,-0.001598,-0.00101926,0.00060671,0.0006385,0.00037122,0.00091815,0.00037722,-0.00020414,0.0003074,13:18:34..814,,,,
13:18:34..934,3.59418555,-0.001598,-0.00101959,0.00060647,0.00063931,0.00037129,0.00091881,0.00037753,-0.00020405,0.00030711,13:18:34..931,,,,
13:18:34..966,3.70278684,-0.001641,-0.00101963,0.00060666,0.00063852,0.00037172,0.00091805,0.00037752,-0.00020429,0.00030772,13:18:34..974,,,,
13:18:35..001,3.69761535,-0.001662,-0.00101957,0.00060656,0.00063874,0.00037184,0.00091905,0.00037695,-0.000204,0.00030759,13:18:35..008,,,,
13:18:35..084,3.54247065,-0.001626,-0.00101972,0.00060685,0.00063854,0.00037081,0.00091832,0.00037721,-0.00020416,0.00030768,13:18:35..123,,,,
13:18:35..194,3.63555747,-0.001626,-0.00101961,0.00060689,0.00063893,0.00037114,0.00091902,0.00037703,-0.00020395,0.00030767,13:18:35..194,,,,
13:18:35..227,3.58901406,-0.001626,-0.00101936,0.00060658,0.00063864,0.00037083,0.00091854,0.00037726,-0.0002038,0.00030731,13:18:35..194,,,,
13:18:35..261,3.57867108,-0.001592,-0.00101955,0.00060644,0.00063868,0.00037125,0.00091948,0.00037729,-0.00020409,0.00030746,13:18:35..328,,,,
13:18:35..395,3.57349959,-0.001592,-0.00101986,0.00060603,0.00063816,0.00037073,0.00091828,0.00037727,-0.00020436,0.00030746,13:18:35..394,,,,
13:18:35..428,3.62521449,-0.0016,-0.00101958,0.00060645,0.00063838,0.00037059,0.00091868,0.00037724,-0.00020457,0.00030727,13:18:35..439,,,,
13:18:35..563,3.5683281,-0.0016,-0.00101965,0.00060682,0.00063888,0.00037137,0.00091848,0.0003774,-0.00020438,0.00030763,13:18:35..560,,,,
13:18:35..595,3.69244386,-0.00153,-0.00101941,0.00060648,0.00063845,0.00037065,0.0009188,0.00037745,-0.00020405,0.0003071,13:18:35..602,,,,
13:18:35..708,3.54764214,-0.00153,-0.00101951,0.00060629,0.00063825,0.00037111,0.00091867,0.00037724,-0.00020361,0.00030767,13:18:35..705,,,,
13:18:35..739,3.64590045,-0.001627,-0.00101992,0.00060629,0.00063836,0.00037081,0.00091848,0.00037748,-0.00020379,0.00030757,13:18:35..750,,,,
13:18:35..859,3.64590045,-0.001627,-0.00101993,0.00060633,0.00063842,0.0003705,0.00091869,0.00037756,-0.00020396,0.00030755,13:18:35..857,,,,
13:18:35..891,3.57349959,-0.001686,-0.00101995,0.00060628,0.00063818,0.00037046,0.00091854,0.00037751,-0.00020419,0.00030734,13:18:35..901,,,,
13:18:35..996,3.58384257,-0.001686,-0.00101957,0.00060607,0.00063844,0.00037045,0.00091827,0.00037778,-0.00020426,0.00030718,13:18:35..994,,,,
13:18:36..030,3.62521449,-0.001616,-0.00102028,0.00060615,0.00063805,0.00037056,0.00091795,0.0003769,-0.00020408,0.00030733,13:18:36..038,,,,
13:18:36..144,3.53729916,-0.001616,-0.00101953,0.00060598,0.00063834,0.00037029,0.00091855,0.00037705,-0.00020448,0.00030681,13:18:36..143,,,,
13:18:36..177,3.65624343,-0.001486,-0.00102012,0.00060565,0.00063798,0.00036973,0.00091815,0.00037633,-0.00020455,0.00030699,13:18:36..143,,,,
13:18:36..251,3.63038598,-0.001486,-0.0010202,0.00060612,0.00063824,0.00037002,0.00091778,0.00037691,-0.00020421,0.00030704,13:18:36..294,,,,
13:18:36..302,3.57349959,-0.001486,-0.00102016,0.00060586,0.00063799,0.00037057,0.00091844,0.00037724,-0.00020421,0.00030724,13:18:36..294,,,,
13:18:36..336,3.56315661,-0.001432,-0.0010201,0.00060587,0.00063779,0.00036988,0.00091781,0.00037733,-0.0002038,0.00030713,13:18:36..341,,,,
13:18:36..450,3.59935704,-0.001432,-0.00102009,0.00060542,0.00063826,0.00036991,0.00091795,0.0003766,-0.00020432,0.00030623,13:18:36..447,,,,
13:18:36..481,3.54764214,-0.001379,-0.0010202,0.00060584,0.00063783,0.00036978,0.00091829,0.00037687,-0.00020432,0.0003064,13:18:36..494,,,,
13:18:36..599,3.57867108,-0.001379,-0.00102015,0.00060605,0.00063766,0.00037038,0.00091765,0.00037729,-0.00020423,0.00030719,13:18:36..597,,,,
13:18:36..631,3.61487151,-0.001174,-0.00102033,0.00060565,0.00063784,0.00036959,0.00091806,0.00037717,-0.00020412,0.00030693,13:18:36..640,,,,
13:18:36..756,3.57867108,-0.001174,-0.00102045,0.00060543,0.00063773,0.00037,0.00091893,0.00037701,-0.00020418,0.00030712,13:18:36..753,,,,
13:18:36..787,3.62521449,-0.001174,-0.00102057,0.00060541,0.00063748,0.00036962,0.00091766,0.00037717,-0.00020432,0.00030663,13:18:36..753,,,,
13:18:36..820,3.58384257,-0.000818,-0.00102023,0.00060546,0.00063801,0.00036982,0.0009183,0.0003768,-0.00020426,0.00030601,13:18:36..865,,,,
13:18:36..938,3.51144171,-0.000818,-0.00102069,0.00060554,0.00063706,0.00036986,0.00091711,0.00037686,-0.00020411,0.00030701,13:18:36..936,,,,
13:18:36..969,3.63555747,-0.000716,-0.00102086,0.00060542,0.00063757,0.00036984,0.00091774,0.00037687,-0.00020392,0.00030685,13:18:36..980,,,,
13:18:37..092,3.55281363,-0.000716,-0.00102035,0.0006057,0.00063809,0.00036961,0.00091819,0.00037698,-0.00020481,0.0003069,13:18:37..090,,,,
13:18:37..125,3.62521449,-0.000746,-0.00102042,0.00060539,0.00063831,0.00036949,0.00091824,0.00037663,-0.00020441,0.00030676,13:18:37..135,,,,
13:18:37..247,3.59935704,-0.000746,-0.00102047,0.00060494,0.00063749,0.0003695,0.00091744,0.00037667,-0.00020405,0.00030679,13:18:37..296,,,,
13:18:37..315,3.56315661,-0.000746,-0.00102052,0.0006053,0.00063765,0.00036962,0.00091783,0.00037646,-0.00020378,0.0003069,13:18:37..296,,,,
13:18:37..349,3.68727237,-0.000807,-0.00102079,0.00060487,0.0006374,0.0003691,0.00091742,0.00037654,-0.00020459,0.00030627,13:18:37..339,,,,
13:18:37..425,3.65107194,-0.000807,-0.00102028,0.00060526,0.00063761,0.00036982,0.00091814,0.00037713,-0.00020421,0.00030692,13:18:37..425,,,,
13:18:37..458,3.52695618,-0.000858,-0.00102092,0.0006044,0.00063773,0.00036923,0.00091758,0.00037641,-0.00020417,0.00030667,13:18:37..460,,,,
13:18:37..581,3.55798512,-0.000858,-0.00102072,0.00060483,0.00063718,0.00036934,0.00091704,0.00037668,-0.0002044,0.00030622,13:18:37..579,,,,
13:18:37..613,3.5683281,-0.000961,-0.00102133,0.00060497,0.00063725,0.00036911,0.00091698,0.00037634,-0.00020417,0.00030625,13:18:37..579,,,,
13:18:37..647,3.54247065,-0.001052,-0.00102053,0.00060484,0.00063757,0.00036913,0.00091749,0.0003766,-0.00020396,0.00030614,13:18:37..684,,,,
13:18:37..754,3.60970002,-0.001052,-0.00102062,0.00060498,0.0006374,0.00036908,0.00091711,0.00037671,-0.00020413,0.00030677,13:18:37..752,,,,
13:18:37..786,3.58384257,-0.001124,-0.00102056,0.00060438,0.000638,0.0003691,0.00091791,0.00037669,-0.00020449,0.00030637,13:18:37..797,,,,
13:18:37..866,3.5683281,-0.001124,-0.00102096,0.00060521,0.00063753,0.00036895,0.00091713,0.00037673,-0.00020428,0.00030655,13:18:37..864,,,,
13:18:37..897,3.53729916,-0.001149,-0.00102058,0.000605,0.00063709,0.00036886,0.00091673,0.00037673,-0.00020382,0.00030606,13:18:37..907,,,,
13:18:37..930,3.64072896,-0.00124,-0.00102071,0.0006048,0.00063748,0.00036917,0.0009174,0.0003766,-0.00020373,0.00030647,13:18:37..951,,,,
13:18:38..018,3.61487151,-0.00124,-0.00102028,0.00060493,0.00063732,0.00036902,0.00091744,0.00037672,-0.00020385,0.00030661,13:18:38..065,,,,
13:18:38..076,3.5166132,-0.00124,-0.00102044,0.00060494,0.00063747,0.0003688,0.00091734,0.0003768,-0.0002044,0.00030668,13:18:38..065,,,,
13:18:38..109,3.63038598,-0.001256,-0.0010205,0.00060503,0.00063775,0.00036873,0.00091703,0.00037661,-0.00020383,0.00030614,13:18:38..109,,,,
13:18:38..142,3.6717579,-0.001283,-0.001021,0.00060461,0.00063689,0.00036841,0.00091658,0.00037695,-0.0002041,0.00030597,13:18:38..152,,,,
13:18:38..259,3.64072896,-0.001283,-0.00102093,0.00060467,0.00063732,0.00036859,0.00091767,0.00037626,-0.00020426,0.00030627,13:18:38..257,,,,
13:18:38..292,3.63038598,-0.00137,-0.00102093,0.00060474,0.0006373,0.0003686,0.00091705,0.00037671,-0.00020421,0.00030631,13:18:38..303,,,,
13:18:38..399,3.65107194,-0.00137,-0.00102129,0.00060475,0.0006374,0.0003686,0.0009169,0.00037694,-0.00020427,0.00030609,13:18:38..396,,,,
13:18:38..431,3.57867108,-0.001514,-0.00102104,0.00060421,0.00063726,0.00036823,0.00091739,0.00037616,-0.00020458,0.00030576,13:18:38..440,,,,
13:18:38..541,3.55281363,-0.001514,-0.0010213,0.00060479,0.00063702,0.000369,0.00091654,0.00037687,-0.00020435,0.00030583,13:18:38..539,,,,
13:18:38..572,3.55281363,-0.001616,-0.00102074,0.00060477,0.00063716,0.00036861,0.00091693,0.00037616,-0.00020423,0.00030577,13:18:38..583,,,,
13:18:38..633,3.53212767,-0.001667,-0.00102055,0.00060503,0.00063743,0.00036864,0.00091696,0.00037666,-0.00020419,0.0003062,13:18:38..630,,,,
13:18:38..680,3.58384257,-0.001667,-0.00102116,0.00060453,0.00063725,0.00036853,0.00091666,0.00037618,-0.00020455,0.00030547,13:18:38..676,,,,
13:18:38..714,3.64072896,-0.001727,-0.00102067,0.00060447,0.00063771,0.000369,0.00091682,0.00037677,-0.00020421,0.00030615,13:18:38..676,,,,
13:18:38..798,3.61487151,-0.001791,-0.00102092,0.00060472,0.00063721,0.00036874,0.00091627,0.00037641,-0.00020385,0.00030575,13:18:38..841,,,,
