Time,Pressure,Flow Rate (ml/s),Force 1,Force 2,Force 3,Force 4,Force 5,Force 6,Force 7,Force 8,Flow Meter Time,,,, 
17:41:52..581,5.16114702,-0.002428,0.00014879,0.00006586,0.00135712,-0.00006778,0.00100226,0.00014657,-0.00062191,-0.00074401,17:41:52..639,,,,
17:41:52..653,5.40937854,-0.002875,0.00014875,0.00006575,0.00135739,-0.00006756,0.00100225,0.00014656,-0.00062242,-0.00074378,17:41:52..684,,,,
17:41:52..718,5.37317811,-0.002875,0.00014902,0.00006627,0.00135724,-0.00006734,0.00100245,0.00014668,-0.00062211,-0.00074352,17:41:52..684,,,,
17:41:52..751,5.17149,-0.003194,0.00014839,0.00006604,0.00135686,-0.00006765,0.00100202,0.00014652,-0.00062223,-0.0007444,17:41:52..771,,,,
17:41:52..802,5.42489301,-0.004157,0.00014915,0.00006625,0.00135704,-0.00006741,0.00100233,0.00014642,-0.00062208,-0.00074398,17:41:52..852,,,,
17:41:52..889,5.25940533,-0.004157,0.00014896,0.00006522,0.00135699,-0.00006794,0.00100233,0.00014645,-0.00062224,-0.00074458,17:41:52..852,,,,
17:41:52..922,5.21803341,-0.004595,0.00014907,0.00006603,0.00135735,-0.00006766,0.00100277,0.00014654,-0.00062216,-0.0007437,17:41:52..934,,,,
17:41:53..000,5.39386407,-0.004595,0.000149,0.00006598,0.00135693,-0.00006753,0.00100209,0.00014675,-0.00062198,-0.0007442,17:41:53..049,,,,
17:41:53..055,5.3783496,-0.004595,0.00014906,0.00006633,0.00135732,-0.00006763,0.00100234,0.00014714,-0.00062216,-0.0007437,17:41:53..049,,,,
17:41:53..088,5.17149,-0.004595,0.00014882,0.00006596,0.0013569,-0.00006734,0.00100293,0.00014666,-0.00062215,-0.00074391,17:41:53..049,,,,
17:41:53..122,5.40937854,-0.006101,0.00014889,0.00006588,0.00135726,-0.00006764,0.00100234,0.00014675,-0.00062206,-0.00074407,17:41:53..134,,,,
17:41:53..184,5.24389086,-0.006101,0.00014931,0.00006581,0.00135718,-0.00006763,0.00100258,0.00014667,-0.0006224,-0.00074401,17:41:53..219,,,,
17:41:53..240,5.35766364,-0.006101,0.00014921,0.00006622,0.00135707,-0.00006774,0.00100247,0.00014681,-0.00062191,-0.00074378,17:41:53..219,,,,
17:41:53..272,5.26457682,-0.005549,0.00014893,0.0000659,0.00135736,-0.00006734,0.00100237,0.00014693,-0.00062183,-0.00074409,17:41:53..305,,,,
17:41:53..341,5.39386407,-0.005161,0.00014949,0.00006596,0.00135707,-0.00006793,0.00100275,0.00014631,-0.00062175,-0.00074396,17:41:53..348,,,,
17:41:53..386,5.37317811,-0.004518,0.00014886,0.00006618,0.00135738,-0.00006743,0.0010024,0.00014662,-0.00062204,-0.00074398,17:41:53..348,,,,
17:41:53..421,5.13528957,-0.004518,0.00014894,0.00006622,0.00135685,-0.00006779,0.00100239,0.00014665,-0.00062215,-0.0007438,17:41:53..393,,,,
17:41:53..454,5.38869258,-0.003489,0.00014867,0.00006586,0.00135734,-0.00006781,0.0010026,0.00014651,-0.00062198,-0.00074408,17:41:53..499,,,,
17:41:53..560,5.29560576,-0.003489,0.00014858,0.00006566,0.00135686,-0.00006773,0.00100224,0.00014691,-0.00062261,-0.00074386,17:41:53..558,,,,
17:41:53..592,5.20769043,-0.003284,0.00014914,0.00006468,0.0013566,-0.00006794,0.00100245,0.00014684,-0.00062214,-0.00074391,17:41:53..602,,,,
17:41:53..705,5.36283513,-0.003284,0.00014898,0.0000657,0.001357,-0.00006773,0.00100283,0.00014705,-0.00062219,-0.00074428,17:41:53..703,,,,
17:41:53..737,5.35766364,-0.002871,0.00014864,0.00006547,0.00135679,-0.00006783,0.00100219,0.00014652,-0.00062215,-0.00074356,17:41:53..747,,,,
17:41:53..838,5.21803341,-0.002871,0.00014876,0.00006572,0.00135733,-0.00006785,0.00100215,0.00014623,-0.00062184,-0.00074361,17:41:53..836,,,,
17:41:53..870,5.21803341,-0.003313,0.00014895,0.00006564,0.00135703,-0.00006776,0.00100256,0.00014665,-0.00062199,-0.00074394,17:41:53..879,,,,
17:41:53..986,5.42489301,-0.003313,0.00014893,0.00006603,0.00135648,-0.00006773,0.00100213,0.00014654,-0.00062207,-0.00074374,17:41:54..048,,,,
17:41:54..054,5.20769043,-0.003313,0.00014877,0.00006536,0.00135651,-0.00006796,0.00100186,0.00014658,-0.00062231,-0.00074435,17:41:54..048,,,,
17:41:54..089,5.33180619,-0.004308,0.00014887,0.00006574,0.0013568,-0.000068,0.00100232,0.00014661,-0.00062222,-0.00074395,17:41:54..092,,,,
17:41:54..122,5.24389086,-0.004563,0.00014846,0.00006551,0.00135622,-0.00006801,0.00100231,0.00014636,-0.00062199,-0.00074406,17:41:54..165,,,,
17:41:54..213,5.40420705,-0.004563,0.00014875,0.00006622,0.00135685,-0.00006808,0.0010023,0.00014679,-0.00062198,-0.000744,17:41:54..213,,,,
17:41:54..246,5.36283513,-0.005259,0.0001484,0.00006592,0.0013568,-0.00006819,0.0010023,0.00014615,-0.00062246,-0.00074408,17:41:54..255,,,,
17:41:54..305,5.24906235,-0.005259,0.00014855,0.00006548,0.0013568,-0.00006777,0.00100268,0.00014675,-0.00062207,-0.00074399,17:41:54..363,,,,
17:41:54..395,5.33697768,-0.005259,0.00014842,0.00006612,0.00135677,-0.00006792,0.00100211,0.00014697,-0.00062215,-0.00074368,17:41:54..363,,,,
17:41:54..429,5.34732066,-0.005612,0.00014865,0.00006544,0.00135654,-0.00006833,0.00100228,0.00014699,-0.00062254,-0.00074425,17:41:54..399,,,,
17:41:54..501,5.22837639,-0.005612,0.00014871,0.00006545,0.00135676,-0.00006778,0.00100199,0.00014656,-0.00062234,-0.00074383,17:41:54..559,,,,
17:41:54..583,5.2232049,-0.004727,0.00014889,0.000066,0.00135674,-0.00006801,0.00100195,0.00014633,-0.00062228,-0.00074391,17:41:54..619,,,,
17:41:54..667,5.19734745,-0.004727,0.00014879,0.00006563,0.00135703,-0.00006794,0.00100217,0.00014686,-0.00062185,-0.00074344,17:41:54..669,,,,
17:41:54..701,5.24906235,-0.004056,0.00014866,0.00006564,0.00135645,-0.0000682,0.00100215,0.0001464,-0.00062209,-0.00074425,17:41:54..714,,,,
17:41:54..826,5.29560576,-0.004056,0.00014861,0.00006526,0.00135668,-0.00006799,0.00100187,0.00014665,-0.00062211,-0.00074381,17:41:54..826,,,,
17:41:54..859,5.24906235,-0.004095,0.00014846,0.00006575,0.00135689,-0.00006793,0.00100234,0.00014616,-0.00062183,-0.00074352,17:41:54..868,,,,
17:41:54..969,5.25423384,-0.004095,0.00014893,0.0000659,0.00135669,-0.00006756,0.00100242,0.00014712,-0.00062201,-0.00074344,17:41:54..968,,,,
17:41:55..003,5.36800662,-0.004086,0.00014822,0.00006528,0.00135682,-0.00006799,0.00100236,0.00014639,-0.00062246,-0.00074373,17:41:54..968,,,,
17:41:55..083,5.24906235,-0.004086,0.00014868,0.00006547,0.00135696,-0.00006815,0.00100223,0.00014629,-0.00062239,-0.00074408,17:41:55..103,,,,
17:41:55..115,5.26974831,-0.003621,0.0001489,0.00006535,0.00135687,-0.00006797,0.0010021,0.00014628,-0.00062245,-0.00074416,17:41:55..103,,,,
17:41:55..169,5.2232049,-0.003621,0.00014812,0.00006572,0.00135653,-0.00006801,0.0010022,0.00014635,-0.00062199,-0.00074386,17:41:55..147,,,,
17:41:55..203,5.2749198,-0.003669,0.00014844,0.00006572,0.00135671,-0.00006775,0.00100266,0.00014631,-0.00062169,-0.00074407,17:41:55..235,,,,
17:41:55..294,5.25423384,-0.003669,0.00014855,0.00006577,0.00135647,-0.00006804,0.0010023,0.00014633,-0.0006227,-0.00074404,17:41:55..294,,,,
17:41:55..327,5.29043427,-0.00369,0.0001488,0.00006572,0.00135679,-0.000068,0.00100206,0.00014643,-0.00062199,-0.00074385,17:41:55..339,,,,
17:41:55..398,5.35766364,-0.00369,0.00014865,0.0000657,0.00135664,-0.00006788,0.00100218,0.00014611,-0.00062176,-0.00074421,17:41:55..471,,,,
17:41:55..511,5.43523599,-0.00369,0.00014875,0.00006564,0.00135659,-0.00006779,0.00100217,0.00014658,-0.0006215,-0.00074394,17:41:55..471,,,,
17:41:55..544,5.29560576,-0.00314,0.00014866,0.00006547,0.00135665,-0.00006785,0.00100249,0.00014659,-0.00062166,-0.00074407,17:41:55..514,,,,
17:41:55..600,5.17149,-0.00314,0.00014861,0.00006558,0.00135653,-0.00006794,0.00100202,0.0001465,-0.0006221,-0.00074358,17:41:55..640,,,,
17:41:55..655,5.20251894,-0.00314,0.00014842,0.00006557,0.00135622,-0.00006809,0.00100188,0.00014659,-0.00062277,-0.00074398,17:41:55..640,,,,
17:41:55..689,5.38869258,-0.004132,0.00014864,0.00006548,0.00135661,-0.00006796,0.00100237,0.00014615,-0.00062198,-0.00074416,17:41:55..740,,,,
17:41:55..792,5.24389086,-0.004132,0.00014889,0.00006555,0.00135651,-0.00006822,0.00100206,0.00014629,-0.000622,-0.00074409,17:41:55..790,,,,
17:41:55..824,5.20251894,-0.005219,0.00014876,0.00006571,0.00135666,-0.00006775,0.00100222,0.00014701,-0.00062178,-0.00074339,17:41:55..835,,,,
17:41:55..984,5.43523599,-0.005219,0.00014847,0.00006514,0.00135626,-0.0000683,0.00100217,0.00014665,-0.00062177,-0.00074402,17:41:55..981,,,,
17:41:56..016,5.26974831,-0.00659,0.00014814,0.00006552,0.00135628,-0.00006859,0.00100201,0.00014632,-0.00062218,-0.00074392,17:41:56..034,,,,
17:41:56..170,5.38869258,-0.00659,0.00014832,0.00006607,0.00135682,-0.00006797,0.0010024,0.00014654,-0.00062229,-0.00074345,17:41:56..168,,,,
17:41:56..201,5.37317811,-0.006776,0.00014812,0.00006599,0.00135669,-0.00006815,0.00100217,0.00014633,-0.00062205,-0.00074352,17:41:56..211,,,,
17:41:56..344,5.29043427,-0.006776,0.00014842,0.00006559,0.00135649,-0.00006762,0.0010023,0.00014619,-0.00062223,-0.00074381,17:41:56..342,,,,
17:41:56..375,5.42489301,-0.0061,0.00014911,0.00006484,0.00135627,-0.00006817,0.00100181,0.00014669,-0.00062185,-0.00074422,17:41:56..388,,,,
17:41:56..532,5.29043427,-0.0061,0.00014843,0.00006495,0.00135627,-0.00006847,0.00100173,0.00014644,-0.00062208,-0.00074375,17:41:56..530,,,,
17:41:56..563,5.40420705,-0.0061,0.00014855,0.0000651,0.00135643,-0.00006832,0.00100176,0.00014639,-0.00062205,-0.00074426,17:41:56..530,,,,
17:41:56..596,5.21803341,-0.007179,0.00014803,0.00006551,0.00135613,-0.00006828,0.00100208,0.00014648,-0.00062207,-0.0007438,17:41:56..658,,,,
17:41:56..726,5.35766364,-0.007179,0.00014849,0.00006551,0.00135639,-0.00006866,0.00100219,0.00014652,-0.00062212,-0.00074366,17:41:56..658,,,,
17:41:56..758,5.21803341,-0.008052,0.00014819,0.00006505,0.00135637,-0.00006828,0.00100187,0.00014628,-0.00062246,-0.00074444,17:41:56..782,,,,
17:41:56..914,5.28526278,-0.008052,0.00014839,0.00006497,0.00135588,-0.00006861,0.00100156,0.0001465,-0.00062209,-0.00074418,17:41:56..912,,,,
17:41:56..947,5.13528957,-0.007513,0.00014818,0.00006508,0.00135609,-0.00006833,0.00100186,0.00014596,-0.00062207,-0.00074393,17:41:56..958,,,,
17:41:57..090,5.44557897,-0.007513,0.00014811,0.0000648,0.00135571,-0.0000682,0.00100204,0.00014644,-0.00062194,-0.00074375,17:41:57..088,,,,
17:41:57..122,11.40830694,-0.004591,0.00014827,0.00006432,0.00135545,-0.00006788,0.00100276,0.00014626,-0.00062259,-0.0007423,17:41:57..131,,,,
17:41:57..250,13.05284076,-0.004591,0.00014839,0.00006444,0.00135571,-0.00006825,0.00100274,0.00014609,-0.00062262,-0.00074216,17:41:57..259,,,,
17:41:57..284,14.5836018,-0.004591,0.00014872,0.00006457,0.00135546,-0.00006803,0.0010028,0.00014599,-0.00062273,-0.00074276,17:41:57..259,,,,
17:41:57..321,15.71615811,0.009169,0.00014882,0.00006453,0.00135543,-0.00006878,0.00100203,0.00014622,-0.00062254,-0.00074203,17:41:57..345,,,,
17:41:57..542,15.82993089,0.009169,0.0001483,0.00006498,0.00135555,-0.00006838,0.00100209,0.00014537,-0.00062313,-0.00074168,17:41:57..541,,,,
17:41:57..576,16.88491485,0.009169,0.00014826,0.00006454,0.00135497,-0.00006812,0.00100345,0.00014484,-0.00062497,-0.00073677,17:41:57..541,,,,
17:41:57..611,16.94180124,0.06386,0.0001482,0.00006417,0.00135528,-0.0000669,0.00100467,0.00014482,-0.00062515,-0.00073455,17:41:57..670,,,,
17:41:57..751,17.67615282,0.06386,0.00014848,0.00006461,0.00135521,-0.0000671,0.00100399,0.00014445,-0.00062547,-0.00073495,17:41:57..670,,,,
17:41:57..784,17.75889666,0.080195,0.0001487,0.00006516,0.0013565,-0.0000651,0.00100731,0.00014463,-0.00062642,-0.00072768,17:41:57..800,,,,
17:41:57..939,17.77958262,0.080195,0.00014847,0.00006562,0.00135577,-0.00006495,0.00100703,0.00014382,-0.00062656,-0.00072775,17:41:57..939,,,,
17:41:57..973,17.87266944,0.111087,0.00014948,0.00006558,0.00135722,-0.00006281,0.00101015,0.00014424,-0.00062755,-0.00071963,17:41:57..981,,,,
17:41:58..126,17.92438434,0.111087,0.00014944,0.0000657,0.00135739,-0.00006271,0.00101005,0.00014418,-0.00062782,-0.00071991,17:41:58..124,,,,
17:41:58..158,19.24311429,0.130085,0.00015198,0.00006625,0.00135967,-0.00006002,0.0010131,0.00014461,-0.00062846,-0.00070997,17:41:58..166,,,,
17:41:58..352,19.10865555,0.130085,0.00015187,0.00006684,0.00136001,-0.00005986,0.00101292,0.00014533,-0.00062862,-0.00070999,17:41:58..349,,,,
17:41:58..384,19.9102365,0.154872,0.00015421,0.00006828,0.00136226,-0.00005614,0.00101778,0.00014578,-0.00063,-0.0006979,17:41:58..395,,,,
17:41:58..540,20.69113149,0.154872,0.00015403,0.0000691,0.00136194,-0.00005641,0.00101774,0.00014566,-0.00062984,-0.00069804,17:41:58..539,,,,
17:41:58..573,20.79456129,0.168457,0.00015715,0.00006934,0.00136434,-0.00005365,0.00102158,0.00014707,-0.00063023,-0.00068875,17:41:58..583,,,,
17:41:58..710,21.54959883,0.168457,0.00015766,0.00006935,0.00136386,-0.00005316,0.00102165,0.00014736,-0.00062999,-0.00068882,17:41:58..709,,,,
17:41:58..744,21.74094396,0.17569,0.00016046,0.00007016,0.00136556,-0.00005115,0.00102469,0.00014854,-0.00063104,-0.0006805,17:41:58..752,,,,
17:41:58..895,22.37703723,0.17569,0.00016004,0.00007085,0.00136573,-0.00005102,0.001025,0.00014895,-0.00063061,-0.00067973,17:41:58..752,,,,
17:41:58..930,23.10104583,0.182616,0.00016346,0.00007283,0.00136842,-0.00004755,0.00102858,0.00015086,-0.00063088,-0.00067009,17:41:58..897,,,,
17:41:59..063,23.59750887,0.182616,0.00016355,0.00007278,0.00136841,-0.00004754,0.00102872,0.00015082,-0.00063082,-0.0006697,17:41:59..127,,,,
17:41:59..153,24.18705873,0.182616,0.00016409,0.00007364,0.0013689,-0.00004742,0.00102912,0.00015107,-0.00063104,-0.00066946,17:41:59..127,,,,
17:41:59..187,24.84900945,0.188928,0.00016892,0.00007577,0.00137215,-0.00004402,0.00103343,0.00015419,-0.0006315,-0.00065564,17:41:59..202,,,,
17:41:59..354,24.80763753,0.188928,0.00016906,0.00007502,0.00137236,-0.00004389,0.00103326,0.00015391,-0.00063131,-0.0006557,17:41:59..353,,,,
17:41:59..388,25.87296447,0.191475,0.00017345,0.00007763,0.00137483,-0.00003988,0.0010372,0.00015692,-0.00063126,-0.00064483,17:41:59..399,,,,
17:41:59..575,26.03328066,0.191475,0.00017336,0.00007764,0.00137514,-0.00004049,0.00103747,0.00015712,-0.00063157,-0.00064515,17:41:59..572,,,,
17:41:59..608,27.6157566,0.19313,0.00017818,0.00008011,0.00137755,-0.00003673,0.001041,0.00016028,-0.00063125,-0.0006344,17:41:59..619,,,,
17:41:59..811,27.84847365,0.19313,0.00017791,0.00007979,0.0013777,-0.00003676,0.00104054,0.00016042,-0.00063127,-0.00063461,17:41:59..811,,,,
17:41:59..845,28.84657122,0.191775,0.00018363,0.00008269,0.00138065,-0.00003318,0.00104485,0.00016396,-0.00063162,-0.00062374,17:41:59..854,,,,
17:42:00..052,29.1672036,0.191775,0.0001833,0.0000826,0.00138093,-0.00003306,0.00104512,0.00016403,-0.00063109,-0.00062395,17:42:00..051,,,,
17:42:00..084,30.41353269,0.188372,0.00018845,0.00008525,0.00138334,-0.00002996,0.00104758,0.00016778,-0.00063138,-0.00061332,17:42:00..095,,,,
17:42:00..245,30.38767524,0.188372,0.00018847,0.00008513,0.00138321,-0.00003054,0.001048,0.00016792,-0.00063149,-0.00061377,17:42:00..245,,,,
17:42:00..279,31.44783069,0.185484,0.0001933,0.00008738,0.00138561,-0.0000278,0.00105046,0.00017076,-0.00063148,-0.00060526,17:42:00..245,,,,
17:42:00..362,32.09943843,0.185484,0.00019317,0.00008814,0.00138614,-0.00002737,0.00105079,0.00017109,-0.00063114,-0.00060476,17:42:00..408,,,,
17:42:00..433,32.23389717,0.185484,0.00019342,0.00008843,0.00138578,-0.00002763,0.00105078,0.00017109,-0.00063122,-0.00060452,17:42:00..408,,,,
17:42:00..465,32.70967425,0.181434,0.00019695,0.00009037,0.0013889,-0.00002593,0.00105316,0.00017417,-0.00063114,-0.0005976,17:42:00..498,,,,
17:42:00..613,32.87516193,0.181434,0.00019694,0.0000905,0.00138857,-0.00002596,0.00105314,0.00017361,-0.00063131,-0.00059706,17:42:00..611,,,,
17:42:00..646,33.76465821,0.178517,0.00020044,0.00009224,0.00139003,-0.00002468,0.00105529,0.00017663,-0.00063109,-0.00059177,17:42:00..654,,,,
17:42:00..801,33.85774503,0.178517,0.00020099,0.00009247,0.00139032,-0.00002482,0.00105522,0.00017629,-0.00063058,-0.00059162,17:42:00..799,,,,
17:42:00..836,34.79378472,0.174882,0.00020403,0.00009479,0.00139251,-0.00002296,0.00105628,0.00017855,-0.00063058,-0.00058558,17:42:00..843,,,,
17:42:01..053,34.66966896,0.174882,0.00020436,0.00009475,0.00139255,-0.00002276,0.00105667,0.00017883,-0.00063108,-0.0005853,17:42:00..843,,,,
17:42:01..086,35.7349959,0.170134,0.00020696,0.00009636,0.00139366,-0.00002225,0.00105747,0.00018076,-0.00063054,-0.00058149,17:42:01..060,,,,
17:42:01..223,35.63673759,0.167239,0.00020685,0.00009653,0.00139314,-0.00002184,0.00105764,0.00018071,-0.00063067,-0.00058197,17:42:01..321,,,,
17:42:01..379,36.20560149,0.167239,0.00020756,0.00009592,0.00139376,-0.00002235,0.00105766,0.00018078,-0.00063075,-0.00058158,17:42:01..321,,,,
17:42:01..411,36.67620708,0.167239,0.00021024,0.00009834,0.00139492,-0.00002048,0.00105931,0.00018263,-0.0006303,-0.00057668,17:42:01..381,,,,
17:42:01..446,36.69689304,0.163666,0.000213,0.00009994,0.0013968,-0.00001948,0.00106051,0.0001847,-0.00062986,-0.00057333,17:42:01..504,,,,
17:42:01..608,37.01752542,0.163666,0.00021322,0.00009976,0.00139675,-0.00001938,0.0010601,0.00018462,-0.00062999,-0.0005728,17:42:01..607,,,,
17:42:01..639,36.97098201,0.161817,0.000215,0.00010102,0.00139755,-0.00001923,0.00106102,0.00018613,-0.00062948,-0.00057054,17:42:01..652,,,,
17:42:01..818,37.35367227,0.161817,0.00021522,0.00010081,0.00139737,-0.00001882,0.0010608,0.00018585,-0.00062995,-0.00057014,17:42:01..816,,,,
17:42:01..850,37.65361869,0.161817,0.00021692,0.00010232,0.00139825,-0.00001834,0.00106166,0.00018746,-0.00063005,-0.00056832,17:42:01..816,,,,
17:42:01..885,37.58121783,0.156536,0.00021686,0.00010332,0.00139887,-0.00001798,0.00106169,0.00018806,-0.00062977,-0.00056727,17:42:01..961,,,,
17:42:02..080,37.50364548,0.156536,0.00021669,0.00010248,0.00139884,-0.00001805,0.00106207,0.00018708,-0.00062941,-0.00056759,17:42:01..961,,,,
17:42:02..111,37.94322213,0.153967,0.00021877,0.00010346,0.00139947,-0.00001763,0.00106207,0.00018904,-0.00062936,-0.0005659,17:42:02..126,,,,
17:42:02..300,37.66913316,0.153967,0.00021837,0.00010297,0.00139923,-0.00001806,0.0010624,0.00018838,-0.00062925,-0.00056611,17:42:02..300,,,,
17:42:02..335,38.10870981,0.151246,0.00021949,0.00010447,0.00139959,-0.00001726,0.00106245,0.00018948,-0.00062958,-0.00056411,17:42:02..300,,,,
17:42:02..440,38.34142686,0.151246,0.00021991,0.00010459,0.0014,-0.00001759,0.00106297,0.00019013,-0.00062931,-0.00056387,17:42:02..484,,,,
17:42:02..496,38.45519964,0.151246,0.00021953,0.00010424,0.00140032,-0.00001721,0.00106258,0.00018971,-0.0006292,-0.00056456,17:42:02..484,,,,
17:42:02..531,38.4241707,0.147386,0.00022121,0.00010522,0.00140032,-0.00001662,0.00106321,0.00019048,-0.00062865,-0.00056315,17:42:02..603,,,,
17:42:02..677,38.269026,0.147386,0.00022086,0.00010503,0.00140074,-0.00001657,0.00106319,0.00019002,-0.00062893,-0.00056324,17:42:02..603,,,,
17:42:02..708,38.52242901,0.14645,0.00022156,0.00010546,0.00140086,-0.0000167,0.00106338,0.00019043,-0.00062913,-0.00056301,17:42:02..682,,,,
17:42:02..790,38.27936898,0.14645,0.00022199,0.0001053,0.00140103,-0.00001657,0.00106346,0.00019085,-0.00062905,-0.00056292,17:42:02..860,,,,
17:42:02..868,38.50691454,0.14645,0.00022192,0.00010476,0.0014008,-0.00001662,0.00106328,0.00019076,-0.00062829,-0.00056255,17:42:02..860,,,,
17:42:02..904,38.61034434,0.145034,0.00022207,0.00010674,0.00140172,-0.00001648,0.00106367,0.0001913,-0.00062868,-0.00056179,17:42:02..963,,,,
17:42:03..067,38.28454047,0.145034,0.00022253,0.00010664,0.00140162,-0.00001644,0.00106408,0.00019199,-0.00062839,-0.00056166,17:42:03..067,,,,
17:42:03..102,38.57414391,0.142829,0.00022324,0.00010594,0.00140158,-0.00001574,0.00106401,0.00019215,-0.0006279,-0.00056126,17:42:03..110,,,,
17:42:03..263,38.76548904,0.142829,0.00022312,0.0001064,0.00140133,-0.00001615,0.00106378,0.00019214,-0.000629,-0.00056169,17:42:03..262,,,,
17:42:03..297,38.82237543,0.140321,0.00022383,0.0001064,0.00140201,-0.00001609,0.00106341,0.00019184,-0.00062818,-0.00056092,17:42:03..307,,,,
17:42:03..451,38.76548904,0.140321,0.00022377,0.00010697,0.00140185,-0.00001613,0.00106318,0.00019245,-0.00062853,-0.00056099,17:42:03..451,,,,
17:42:03..485,39.01372056,0.138817,0.00022438,0.00010743,0.00140247,-0.00001611,0.00106388,0.00019275,-0.00062838,-0.00056066,17:42:03..451,,,,
17:42:03..574,38.50691454,0.137903,0.00022396,0.00010763,0.00140186,-0.00001586,0.00106362,0.00019232,-0.0006282,-0.00056099,17:42:03..632,,,,
17:42:03..697,38.62585881,0.137903,0.00022381,0.00010698,0.00140198,-0.00001559,0.00106412,0.00019256,-0.0006284,-0.00056032,17:42:03..632,,,,
17:42:03..731,39.07060695,0.136972,0.00022463,0.00010746,0.00140205,-0.00001573,0.00106377,0.00019293,-0.00062796,-0.00056013,17:42:03..741,,,,
17:42:03..922,38.86374735,0.136972,0.00022427,0.00010711,0.00140209,-0.00001583,0.00106379,0.00019289,-0.00062792,-0.00056045,17:42:03..921,,,,
17:42:03..957,38.65688775,0.13523,0.00022458,0.00010722,0.00140219,-0.00001576,0.00106374,0.00019324,-0.00062838,-0.00056052,17:42:03..966,,,,
17:42:04..121,39.06543546,0.13523,0.00022527,0.00010759,0.00140243,-0.00001529,0.00106397,0.00019315,-0.00062782,-0.0005604,17:42:04..120,,,,
17:42:04..155,38.95166268,0.132495,0.00022513,0.00010857,0.00140305,-0.00001547,0.00106421,0.00019306,-0.00062797,-0.00055924,17:42:04..164,,,,
17:42:04..344,38.83271841,0.132495,0.00022504,0.0001086,0.00140304,-0.00001543,0.00106399,0.00019328,-0.00062752,-0.00055928,17:42:04..343,,,,
17:42:04..377,38.84823288,0.131014,0.00022609,0.0001085,0.00140315,-0.0000152,0.00106423,0.00019342,-0.00062803,-0.00055943,17:42:04..343,,,,
17:42:04..478,39.03957801,0.131014,0.00022585,0.00010834,0.00140311,-0.00001529,0.00106446,0.00019355,-0.00062742,-0.00055926,17:42:04..582,,,,
17:42:04..605,39.06543546,0.131014,0.00022575,0.00010795,0.00140285,-0.00001501,0.00106382,0.00019383,-0.00062753,-0.00055948,17:42:04..582,,,,
17:42:04..639,38.88443331,0.129856,0.00022592,0.00010826,0.00140308,-0.00001545,0.00106392,0.0001933,-0.00062771,-0.00055908,17:42:04..676,,,,
17:42:04..763,38.97234864,0.129856,0.00022579,0.00010866,0.00140333,-0.00001524,0.00106433,0.00019358,-0.00062773,-0.00055885,17:42:04..676,,,,
17:42:04..797,38.7344601,0.130564,0.00022652,0.00010798,0.00140338,-0.00001537,0.00106327,0.00019343,-0.00062758,-0.00055918,17:42:04..808,,,,
17:42:04..966,38.96200566,0.130564,0.00022644,0.00010801,0.0014035,-0.00001516,0.00106378,0.00019333,-0.00062745,-0.00055925,17:42:04..964,,,,
17:42:05..001,39.09129291,0.13197,0.00022628,0.00010889,0.00140343,-0.0000152,0.00106419,0.00019384,-0.00062748,-0.00055889,17:42:05..007,,,,
17:42:05..208,39.02923503,0.13197,0.00022652,0.00010851,0.00140366,-0.00001552,0.0010645,0.00019403,-0.0006272,-0.00055878,17:42:05..207,,,,
17:42:05..242,38.94649119,0.132261,0.00022615,0.00010874,0.00140364,-0.00001526,0.00106374,0.00019433,-0.00062759,-0.00055917,17:42:05..207,,,,
17:42:05..318,39.34469592,0.132261,0.00022647,0.0001082,0.00140344,-0.00001552,0.00106369,0.00019378,-0.00062741,-0.00055916,17:42:05..399,,,,
17:42:05..404,39.24126612,0.132261,0.00022662,0.00010838,0.00140376,-0.00001504,0.00106388,0.0001942,-0.00062709,-0.00055901,17:42:05..399,,,,
17:42:05..437,39.21540867,0.130822,0.00022676,0.00010934,0.00140411,-0.00001473,0.00106399,0.00019404,-0.0006272,-0.00055837,17:42:05..441,,,,
17:42:05..668,39.15852228,0.130822,0.00022691,0.00010943,0.00140378,-0.00001475,0.00106393,0.00019418,-0.00062689,-0.00055819,17:42:05..667,,,,
17:42:05..700,39.13266483,0.130822,0.00022719,0.00010954,0.00140387,-0.00001534,0.00106427,0.00019421,-0.00062668,-0.0005591,17:42:05..667,,,,
17:42:05..734,39.21023718,0.12975,0.0002272,0.00010985,0.00140412,-0.00001541,0.0010643,0.00019425,-0.0006275,-0.00055814,17:42:05..817,,,,
17:42:05..896,39.1481793,0.12975,0.00022701,0.00010932,0.00140365,-0.00001509,0.00106392,0.00019377,-0.00062762,-0.00055894,17:42:05..817,,,,
17:42:05..928,39.14300781,0.12975,0.00022721,0.00010941,0.00140398,-0.00001545,0.00106329,0.00019411,-0.00062701,-0.00055835,17:42:05..901,,,,
17:42:05..962,39.02406354,0.129236,0.00022782,0.00010928,0.00140387,-0.00001528,0.00106393,0.00019458,-0.00062729,-0.00055946,17:42:06..004,,,,
17:42:06..082,38.96200566,0.129236,0.00022735,0.00010911,0.00140385,-0.00001524,0.0010634,0.00019443,-0.00062716,-0.00055934,17:42:06..079,,,,
17:42:06..114,38.94649119,0.129422,0.00022721,0.00010955,0.00140416,-0.00001515,0.00106392,0.00019436,-0.00062739,-0.00055839,17:42:06..122,,,,
17:42:06..304,39.1481793,0.129422,0.00022722,0.00010952,0.00140375,-0.00001508,0.00106375,0.00019381,-0.00062709,-0.00055862,17:42:06..302,,,,
17:42:06..336,39.08094993,0.129379,0.00022731,0.00010971,0.00140424,-0.00001482,0.00106399,0.0001939,-0.00062708,-0.00055854,17:42:06..302,,,,
17:42:06..439,39.03957801,0.129379,0.00022763,0.00010947,0.00140433,-0.00001526,0.0010641,0.00019395,-0.0006267,-0.00055817,17:42:06..513,,,,
17:42:06..522,39.33435294,0.129379,0.00022769,0.00010976,0.00140432,-0.00001445,0.00106406,0.00019426,-0.00062709,-0.00055814,17:42:06..513,,,,
17:42:06..554,39.15335079,0.130788,0.00022739,0.00010944,0.00140366,-0.0000148,0.00106338,0.00019412,-0.00062718,-0.00055887,17:42:06..556,,,,
17:42:06..620,39.13266483,0.130788,0.00022828,0.0001094,0.0014041,-0.00001492,0.00106371,0.00019388,-0.00062708,-0.00055887,17:42:06..662,,,,
17:42:06..698,39.36021039,0.130788,0.00022788,0.00010961,0.00140434,-0.00001469,0.0010637,0.00019451,-0.00062711,-0.00055859,17:42:06..662,,,,
17:42:06..732,39.27229506,0.131559,0.00022841,0.00010992,0.00140413,-0.00001565,0.00106346,0.00019465,-0.00062697,-0.00055845,17:42:06..750,,,,
17:42:06..879,39.3550389,0.131559,0.00022853,0.0001103,0.00140486,-0.00001523,0.00106422,0.00019485,-0.00062625,-0.00055827,17:42:06..878,,,,
17:42:06..914,39.42226827,0.132487,0.00022853,0.00010951,0.00140454,-0.00001455,0.00106333,0.00019463,-0.00062657,-0.00055845,17:42:06..878,,,,
17:42:07..026,39.10680738,0.132487,0.00022848,0.00010917,0.00140452,-0.00001549,0.00106382,0.00019425,-0.0006265,-0.00055847,17:42:07..097,,,,
17:42:07..110,39.13266483,0.132487,0.00022802,0.00010982,0.0014042,-0.00001494,0.0010642,0.00019489,-0.00062703,-0.00055853,17:42:07..097,,,,
17:42:07..142,39.28263804,0.132262,0.00022824,0.00010989,0.0014046,-0.00001455,0.00106462,0.00019442,-0.00062679,-0.00055819,17:42:07..203,,,,
17:42:07..271,39.3550389,0.132262,0.00022899,0.00010964,0.00140485,-0.00001518,0.00106423,0.00019459,-0.00062656,-0.00055828,17:42:07..203,,,,
17:42:07..306,39.21023718,0.131706,0.0002284,0.00011001,0.00140475,-0.00001495,0.00106397,0.00019464,-0.00062679,-0.00055743,17:42:07..314,,,,
17:42:07..452,39.30849549,0.131706,0.00022825,0.00010949,0.00140444,-0.0000146,0.00106395,0.00019446,-0.0006262,-0.00055798,17:42:07..450,,,,
17:42:07..485,39.24126612,0.131706,0.0002284,0.00011076,0.00140481,-0.00001438,0.00106459,0.00019491,-0.0006263,-0.00055787,17:42:07..450,,,,
17:42:07..518,39.37055337,0.130734,0.00022843,0.00010998,0.00140482,-0.00001466,0.00106375,0.00019379,-0.00062681,-0.00055785,17:42:07..611,,,,
17:42:07..697,39.02923503,0.130734,0.00022859,0.00011015,0.00140496,-0.00001457,0.00106393,0.00019413,-0.00062691,-0.00055809,17:42:07..697,,,,
17:42:07..730,39.05509248,0.130281,0.0002288,0.00011006,0.00140444,-0.00001499,0.00106398,0.00019485,-0.00062601,-0.00055832,17:42:07..740,,,,
17:42:07..853,39.37055337,0.130281,0.00022828,0.00011009,0.0014044,-0.00001526,0.0010639,0.00019467,-0.00062661,-0.00055818,17:42:07..852,,,,
17:42:07..885,39.11197887,0.129785,0.0002286,0.0001102,0.00140452,-0.00001444,0.0010639,0.00019427,-0.0006268,-0.00055794,17:42:07..896,,,,
17:42:08..015,39.303324,0.129785,0.0002283,0.00011069,0.00140501,-0.00001415,0.00106398,0.00019453,-0.00062651,-0.0005578,17:42:08..012,,,,
17:42:08..046,39.23092314,0.130038,0.00022918,0.00011032,0.00140472,-0.00001488,0.00106362,0.00019519,-0.00062638,-0.00055876,17:42:08..055,,,,
17:42:08..206,39.17403675,0.130038,0.00022833,0.00011054,0.00140487,-0.00001484,0.00106362,0.00019461,-0.00062662,-0.0005588,17:42:08..203,,,,
17:42:08..238,39.07060695,0.130302,0.00022898,0.00011051,0.00140464,-0.00001489,0.00106348,0.00019446,-0.00062634,-0.00055808,17:42:08..246,,,,
17:42:08..395,39.41192529,0.130302,0.00022923,0.00011066,0.00140478,-0.00001441,0.00106384,0.00019458,-0.0006265,-0.00055862,17:42:08..392,,,,
17:42:08..428,39.2516091,0.130464,0.00022924,0.00011005,0.00140501,-0.00001465,0.0010636,0.00019493,-0.00062664,-0.00055868,17:42:08..436,,,,
17:42:08..592,39.31883847,0.130464,0.00022901,0.00010993,0.00140473,-0.00001455,0.00106354,0.00019461,-0.00062671,-0.00055862,17:42:08..590,,,,
17:42:08..625,39.1998942,0.132167,0.00022892,0.00011039,0.00140496,-0.00001426,0.00106403,0.00019456,-0.00062651,-0.00055817,17:42:08..633,,,,
17:42:08..785,39.06026397,0.132167,0.00022949,0.00011048,0.0014052,-0.00001459,0.00106425,0.00019482,-0.00062656,-0.00055853,17:42:08..783,,,,
17:42:08..816,39.16369377,0.13348,0.00022901,0.00011063,0.00140529,-0.00001475,0.00106376,0.00019464,-0.00062628,-0.0005579,17:42:08..827,,,,
17:42:08..968,39.07577844,0.13348,0.00022865,0.00011081,0.00140518,-0.00001478,0.00106401,0.00019419,-0.00062658,-0.00055859,17:42:08..965,,,,
17:42:08..998,38.96200566,0.132859,0.00022883,0.00011067,0.00140514,-0.00001439,0.00106438,0.00019525,-0.00062636,-0.00055806,17:42:09..008,,,,
17:42:09..124,39.32400996,0.132859,0.00022906,0.00011028,0.00140466,-0.00001455,0.00106339,0.00019495,-0.0006268,-0.00055856,17:42:09..122,,,,
17:42:09..157,39.27229506,0.132378,0.00022906,0.00011064,0.00140508,-0.00001415,0.0010639,0.00019469,-0.00062635,-0.00055823,17:42:09..165,,,,
17:42:09..328,39.2516091,0.132378,0.00022917,0.00011062,0.00140497,-0.00001432,0.00106417,0.00019468,-0.00062619,-0.00055845,17:42:09..324,,,,
17:42:09..359,39.11715036,0.130527,0.00022913,0.00011073,0.00140484,-0.00001423,0.00106381,0.00019485,-0.00062618,-0.00055856,17:42:09..369,,,,
17:42:09..530,39.29815251,0.130527,0.00022944,0.00011024,0.00140541,-0.00001432,0.00106369,0.00019458,-0.00062632,-0.000559,17:42:09..527,,,,
17:42:09..563,39.37055337,0.13011,0.00022928,0.00011055,0.00140493,-0.00001471,0.00106407,0.00019509,-0.00062623,-0.0005592,17:42:09..570,,,,
17:42:09..693,39.18437973,0.13011,0.00022937,0.00011056,0.00140502,-0.00001425,0.00106423,0.00019495,-0.00062633,-0.00055914,17:42:09..690,,,,
17:42:09..725,39.18437973,0.1297,0.00022914,0.00011095,0.00140494,-0.00001389,0.001064,0.00019501,-0.00062643,-0.00055888,17:42:09..732,,,,
17:42:09..878,39.18955122,0.1297,0.00022955,0.00011084,0.00140513,-0.00001384,0.00106432,0.00019497,-0.00062658,-0.00055881,17:42:09..876,,,,
17:42:09..909,39.29298102,0.128761,0.00022962,0.00011045,0.00140494,-0.00001436,0.0010637,0.00019495,-0.00062643,-0.00055961,17:42:09..876,,,,
17:42:09..987,39.15852228,0.128761,0.00022941,0.000111,0.00140549,-0.00001417,0.00106405,0.00019523,-0.00062608,-0.00055903,17:42:10..033,,,,
17:42:10..040,39.09129291,0.128761,0.00022996,0.00011077,0.00140499,-0.00001407,0.00106435,0.00019502,-0.00062646,-0.00055907,17:42:10..033,,,,
17:42:10..074,39.5101836,0.129722,0.00022956,0.00011089,0.00140544,-0.0000145,0.00106387,0.0001948,-0.00062623,-0.00055956,17:42:10..076,,,,
17:42:10..232,39.26195208,0.129722,0.00022953,0.00011101,0.00140511,-0.0000143,0.00106391,0.00019522,-0.00062605,-0.00055929,17:42:10..230,,,,
17:42:10..264,39.303324,0.130887,0.0002295,0.00011052,0.00140504,-0.00001384,0.00106403,0.00019481,-0.00062619,-0.00055887,17:42:10..284,,,,
17:42:10..452,39.23609463,0.130887,0.00022967,0.00011047,0.00140556,-0.00001388,0.00106384,0.0001954,-0.00062626,-0.00055902,17:42:10..450,,,,
17:42:10..485,39.32918145,0.130564,0.00023004,0.00011152,0.00140578,-0.00001384,0.00106433,0.00019495,-0.00062618,-0.00055876,17:42:10..494,,,,
17:42:10..675,39.27229506,0.130564,0.00022944,0.00011147,0.00140545,-0.00001345,0.0010641,0.000195,-0.00062642,-0.00055877,17:42:10..672,,,,
17:42:10..706,39.30849549,0.131558,0.00022956,0.00011128,0.00140569,-0.00001412,0.00106424,0.00019554,-0.00062619,-0.00055899,17:42:10..715,,,,
17:42:10..932,39.16886526,0.131558,0.0002299,0.0001114,0.00140542,-0.00001394,0.00106412,0.00019457,-0.00062597,-0.00055892,17:42:10..929,,,,
17:42:10..962,39.18955122,0.132184,0.00022961,0.00011168,0.00140531,-0.00001376,0.00106493,0.00019528,-0.00062573,-0.0005593,17:42:10..983,,,,
17:42:11..102,39.18437973,0.132184,0.00022988,0.00011149,0.00140593,-0.00001384,0.00106434,0.00019501,-0.00062649,-0.00055867,17:42:11..101,,,,
17:42:11..135,39.1998942,0.132608,0.00022991,0.00011109,0.00140564,-0.00001393,0.00106402,0.00019498,-0.00062619,-0.00055928,17:42:11..101,,,,
17:42:11..257,39.22575165,0.132608,0.00023005,0.00011169,0.00140597,-0.00001325,0.00106373,0.00019521,-0.00062586,-0.00055877,17:42:11..306,,,,
17:42:11..318,39.24126612,0.132608,0.00022946,0.00011204,0.00140545,-0.00001355,0.00106419,0.00019475,-0.00062587,-0.00055873,17:42:11..306,,,,
17:42:11..352,39.47398317,0.133949,0.00022959,0.00011128,0.00140558,-0.00001399,0.00106415,0.00019517,-0.00062587,-0.00055926,17:42:11..441,,,,
17:42:11..517,39.26195208,0.133949,0.0002295,0.00011119,0.00140514,-0.00001388,0.00106427,0.00019495,-0.00062584,-0.00055965,17:42:11..441,,,,
17:42:11..551,39.25678059,0.13472,0.00022967,0.0001111,0.00140563,-0.00001354,0.00106416,0.00019511,-0.00062558,-0.00055906,17:42:11..568,,,,
17:42:11..696,39.2516091,0.13472,0.00023013,0.00011107,0.00140616,-0.00001327,0.00106398,0.0001952,-0.00062538,-0.00055875,17:42:11..695,,,,
17:42:11..729,39.23092314,0.13601,0.0002303,0.00011102,0.00140558,-0.00001387,0.00106418,0.00019576,-0.0006256,-0.00055943,17:42:11..738,,,,
17:42:11..849,39.15335079,0.13601,0.00023062,0.00011147,0.00140589,-0.00001342,0.00106402,0.00019572,-0.00062563,-0.00055917,17:42:11..847,,,,
17:42:11..882,39.25678059,0.1364,0.00023024,0.00011131,0.00140576,-0.00001401,0.0010641,0.00019564,-0.00062558,-0.00055907,17:42:11..891,,,,
17:42:11..989,39.22058016,0.1364,0.00023035,0.00011154,0.00140558,-0.0000137,0.00106427,0.00019585,-0.00062535,-0.00055878,17:42:11..987,,,,
17:42:12..021,39.4067538,0.135702,0.00022997,0.0001113,0.00140533,-0.0000137,0.00106398,0.00019514,-0.00062579,-0.00055872,17:42:12..030,,,,
17:42:12..172,39.44295423,0.135702,0.00022984,0.00011139,0.00140578,-0.00001389,0.00106405,0.00019569,-0.00062542,-0.00055892,17:42:12..169,,,,
17:42:12..205,39.31883847,0.133626,0.0002304,0.00011243,0.00140582,-0.00001359,0.0010637,0.00019546,-0.00062567,-0.0005593,17:42:12..213,,,,
17:42:12..334,39.31366698,0.133626,0.00023018,0.00011109,0.00140619,-0.0000136,0.00106414,0.00019533,-0.00062525,-0.00055909,17:42:12..332,,,,
17:42:12..366,39.22575165,0.132543,0.00023006,0.00011142,0.00140558,-0.00001366,0.00106403,0.00019566,-0.00062562,-0.00055948,17:42:12..387,,,,
17:42:12..513,39.37055337,0.132543,0.00023022,0.00011153,0.00140599,-0.00001361,0.00106382,0.00019543,-0.00062544,-0.00055915,17:42:12..510,,,,
17:42:12..544,39.27746655,0.131978,0.00022978,0.00011109,0.00140557,-0.00001335,0.00106355,0.00019566,-0.00062544,-0.0005594,17:42:12..510,,,,
17:42:12..633,39.46881168,0.131978,0.00022993,0.00011144,0.00140589,-0.0000134,0.00106394,0.00019562,-0.00062554,-0.0005592,17:42:12..708,,,,
17:42:12..733,39.15852228,0.131978,0.0002305,0.00011131,0.00140557,-0.00001336,0.00106367,0.00019544,-0.00062528,-0.0005598,17:42:12..708,,,,
17:42:12..765,39.07060695,0.133396,0.00023056,0.00011132,0.00140581,-0.00001395,0.0010645,0.0001954,-0.00062542,-0.00055953,17:42:12..796,,,,
17:42:12..912,39.16886526,0.133396,0.00023028,0.00011098,0.00140589,-0.00001358,0.00106395,0.00019569,-0.00062506,-0.00055941,17:42:12..911,,,,
17:42:12..946,39.13783632,0.134389,0.00023066,0.00011083,0.0014059,-0.00001385,0.00106415,0.00019516,-0.00062522,-0.00055873,17:42:12..955,,,,
17:42:13..109,39.48949764,0.134389,0.0002303,0.00011113,0.00140599,-0.00001386,0.00106419,0.00019496,-0.00062557,-0.00055915,17:42:13..107,,,,
17:42:13..142,39.37572486,0.133315,0.00023029,0.00011187,0.0014059,-0.00001359,0.00106409,0.00019621,-0.00062569,-0.00055892,17:42:13..153,,,,
17:42:13..341,39.31366698,0.133315,0.00023038,0.00011168,0.00140602,-0.00001365,0.00106412,0.00019509,-0.00062591,-0.00055882,17:42:13..339,,,,
17:42:13..374,39.22058016,0.131744,0.00023056,0.00011127,0.00140592,-0.00001309,0.00106334,0.00019576,-0.00062554,-0.00055911,17:42:13..382,,,,
17:42:13..537,39.42743976,0.131744,0.00023072,0.00011161,0.00140606,-0.00001367,0.00106391,0.0001954,-0.00062582,-0.00055863,17:42:13..534,,,,
17:42:13..569,39.47398317,0.130821,0.00023041,0.00011208,0.00140618,-0.00001322,0.00106415,0.00019541,-0.00062572,-0.00055858,17:42:13..577,,,,
17:42:13..630,39.4067538,0.130821,0.00023048,0.00011237,0.00140659,-0.00001289,0.00106396,0.00019585,-0.00062558,-0.00055882,17:42:13..689,,,,
17:42:13..696,39.48432615,0.130821,0.0002309,0.00011199,0.00140659,-0.00001341,0.00106419,0.00019547,-0.00062593,-0.00055823,17:42:13..689,,,,
17:42:13..729,39.29815251,0.130755,0.00023138,0.00011095,0.00140618,-0.00001346,0.00106395,0.0001956,-0.00062546,-0.00055872,17:42:13..730,,,,
17:42:13..824,39.31883847,0.130755,0.00023117,0.00011143,0.00140626,-0.00001336,0.00106398,0.00019582,-0.00062564,-0.00055818,17:42:13..890,,,,
17:42:13..903,36.23663043,0.130755,0.00023091,0.00011213,0.00140606,-0.00001321,0.00106396,0.00019582,-0.00062608,-0.00055876,17:42:13..890,,,,
17:42:13..936,26.86589055,0.128228,0.00022805,0.00011056,0.00140493,-0.00001405,0.0010625,0.00019377,-0.00062538,-0.00056374,17:42:14..016,,,,
17:42:14..102,19.93092246,0.128228,0.00022831,0.0001108,0.00140505,-0.00001443,0.00106291,0.00019354,-0.00062594,-0.00056294,17:42:14..101,,,,
17:42:14..134,29.48266449,0.121529,0.00020944,0.00009752,0.001393,-0.00002553,0.00105222,0.00017871,-0.00062332,-0.00060591,17:42:14..101,,,,
17:42:14..213,23.50959354,0.121529,0.00020956,0.0000981,0.00139323,-0.0000248,0.0010518,0.00017919,-0.00062352,-0.00060535,17:42:14..256,,,,
17:42:14..265,17.62443792,0.121529,0.00020925,0.00009773,0.00139244,-0.00002514,0.00105211,0.00017922,-0.00062375,-0.00060569,17:42:14..256,,,,
17:42:14..298,20.9962494,0.101632,0.00020038,0.00009135,0.00138657,-0.00003143,0.00104525,0.00017136,-0.00062237,-0.00063009,17:42:14..301,,,,
17:42:14..376,21.04279281,0.101632,0.00019991,0.00009173,0.0013863,-0.0000315,0.00104496,0.00017163,-0.00062261,-0.00063001,17:42:14..439,,,,
17:42:14..450,16.67288376,0.101632,0.00020012,0.0000918,0.00138653,-0.00003131,0.00104572,0.00017153,-0.0006227,-0.00062953,17:42:14..439,,,,
17:42:14..483,15.29726742,0.084962,0.00019079,0.00008681,0.00138082,-0.00003807,0.00103765,0.00016551,-0.00062153,-0.00065177,17:42:14..484,,,,
17:42:14..640,15.63858576,0.084962,0.0001907,0.00008633,0.00138044,-0.00003838,0.00103746,0.00016512,-0.00062178,-0.00065183,17:42:14..637,,,,
17:42:14..674,12.88218159,0.065838,0.00018323,0.00008262,0.00137566,-0.00004387,0.0010307,0.00016019,-0.00062055,-0.00067098,17:42:14..682,,,,
17:42:14..786,12.67532199,0.065838,0.00018347,0.00008292,0.00137491,-0.00004361,0.00103045,0.00016036,-0.00062081,-0.0006712,17:42:14..785,,,,
17:42:14..818,11.69791038,0.053031,0.00017889,0.00008031,0.00137216,-0.00004713,0.00102623,0.00015813,-0.00061998,-0.00068427,17:42:14..827,,,,
17:42:14..930,11.09801754,0.053031,0.00017866,0.00008039,0.00137183,-0.00004768,0.0010257,0.00015754,-0.00062051,-0.00068446,17:42:14..928,,,,
17:42:14..961,10.24989318,0.041701,0.00017509,0.00007815,0.00136941,-0.00005089,0.00102129,0.00015625,-0.00061906,-0.00069576,17:42:14..971,,,,
17:42:15..040,9.96028974,0.041701,0.00017473,0.00007804,0.0013691,-0.0000509,0.00102163,0.00015599,-0.00061951,-0.0006961,17:42:15..118,,,,
17:42:15..134,9.308682,0.041701,0.00017523,0.0000782,0.00136903,-0.00005079,0.00102167,0.00015592,-0.00061931,-0.00069609,17:42:15..118,,,,
17:42:15..167,8.57433042,0.024651,0.0001693,0.00007541,0.00136609,-0.00005489,0.00101658,0.00015417,-0.00061879,-0.00071061,17:42:15..251,,,,
17:42:15..324,8.22784059,0.024651,0.00016884,0.00007633,0.00136644,-0.0000544,0.00101652,0.00015406,-0.00061856,-0.00070954,17:42:15..324,,,,
17:42:15..355,7.33317282,0.019712,0.00016551,0.00007507,0.00136463,-0.000057,0.00101251,0.00015319,-0.00061769,-0.00072136,17:42:15..359,,,,
17:42:15..440,7.32282984,0.019712,0.00016593,0.00007437,0.00136407,-0.0000572,0.00101202,0.00015303,-0.00061783,-0.00072167,17:42:15..505,,,,
17:42:15..520,6.90393915,0.019712,0.00016552,0.00007457,0.00136431,-0.0000571,0.00101217,0.00015322,-0.00061748,-0.00072155,17:42:15..505,,,,
17:42:15..552,6.51090591,0.010069,0.00016302,0.00007406,0.00136407,-0.00005895,0.00100859,0.00015275,-0.00061652,-0.0007291,17:42:15..653,,,,
17:42:15..748,6.40230462,0.010069,0.00016323,0.00007405,0.00136407,-0.00005942,0.00100822,0.00015301,-0.00061645,-0.00072894,17:42:15..746,,,,
17:42:15..781,6.04547181,0.007869,0.00016149,0.00007298,0.00136413,-0.00005972,0.00100694,0.00015222,-0.00061576,-0.00073258,17:42:15..746,,,,
17:42:15..858,6.18510204,0.007869,0.00016177,0.00007269,0.00136397,-0.00005988,0.00100644,0.000152,-0.00061604,-0.0007329,17:42:15..919,,,,
17:42:15..928,6.20061651,0.007869,0.00016144,0.00007302,0.00136408,-0.00006008,0.00100692,0.0001518,-0.00061613,-0.00073248,17:42:15..919,,,,
17:42:15..962,6.13338714,0.004078,0.00016119,0.00007252,0.00136411,-0.00005966,0.00100728,0.0001519,-0.00061602,-0.00073307,17:42:16..044,,,,
17:42:16..116,6.3092178,0.004078,0.00016128,0.00007217,0.00136386,-0.00006001,0.00100681,0.00015172,-0.00061619,-0.00073352,17:42:16..044,,,,
17:42:16..150,6.17993055,0.002231,0.00016069,0.00007242,0.00136383,-0.00005959,0.00100711,0.00015196,-0.00061592,-0.00073334,17:42:16..161,,,,
17:42:16..289,6.14890161,0.002231,0.00016047,0.00007279,0.00136369,-0.00005958,0.001007,0.0001519,-0.00061615,-0.00073312,17:42:16..288,,,,
17:42:16..323,6.19027353,0.00013,0.00015998,0.00007194,0.00136355,-0.00005974,0.00100679,0.0001515,-0.00061628,-0.00073409,17:42:16..331,,,,
17:42:16..454,6.10752969,0.00013,0.00015967,0.0000718,0.00136396,-0.0000598,0.00100671,0.00015145,-0.00061616,-0.00073416,17:42:16..452,,,,
17:42:16..486,6.10752969,-0.000982,0.00015924,0.00007193,0.00136399,-0.00006007,0.00100715,0.00015095,-0.00061687,-0.00073391,17:42:16..497,,,,
17:42:16..603,6.22647396,-0.000982,0.00015953,0.00007286,0.0013637,-0.00005989,0.00100709,0.00015095,-0.00061634,-0.00073379,17:42:16..600,,,,
17:42:16..635,6.07132926,-0.002067,0.00015915,0.000072,0.00136377,-0.00005995,0.00100708,0.00015113,-0.00061669,-0.00073389,17:42:16..643,,,,
17:42:16..787,6.24715992,-0.002067,0.00015896,0.00007208,0.00136399,-0.00005993,0.00100695,0.00015096,-0.0006169,-0.00073363,17:42:16..785,,,,
17:42:16..820,6.10752969,-0.002328,0.00015839,0.00007181,0.00136389,-0.00006046,0.00100696,0.00015019,-0.00061708,-0.00073393,17:42:16..829,,,,
17:42:16..956,6.2575029,-0.002328,0.00015879,0.00007244,0.00136354,-0.00005997,0.00100673,0.00015057,-0.0006162,-0.00073398,17:42:16..953,,,,
17:42:16..987,6.03512883,-0.003254,0.00015885,0.00007221,0.00136368,-0.00006018,0.00100703,0.00015035,-0.00061636,-0.00073415,17:42:16..999,,,,
17:42:17..101,6.29887482,-0.003254,0.00015898,0.00007156,0.00136337,-0.00006033,0.00100694,0.0001507,-0.00061677,-0.00073387,17:42:17..098,,,,
17:42:17..133,6.14890161,-0.003581,0.00015812,0.0000713,0.00136367,-0.00006025,0.00100683,0.00015093,-0.00061713,-0.00073437,17:42:17..142,,,,
17:42:17..261,6.07650075,-0.003581,0.00015832,0.00007145,0.0013631,-0.00006043,0.00100698,0.00015064,-0.00061705,-0.00073403,17:42:17..259,,,,
17:42:17..294,6.30404631,-0.003277,0.00015863,0.00007079,0.00136256,-0.00006079,0.00100624,0.00015088,-0.00061716,-0.00073427,17:42:17..302,,,,
17:42:17..505,6.01961436,-0.003277,0.00015842,0.00007096,0.00136296,-0.00006033,0.0010065,0.00015068,-0.00061684,-0.00073457,17:42:17..501,,,,
17:42:17..536,6.29370333,-0.003453,0.00015769,0.0000713,0.00136334,-0.00006078,0.00100685,0.00015047,-0.0006171,-0.00073507,17:42:17..501,,,,
17:42:17..611,6.14890161,-0.003453,0.00015803,0.0000707,0.00136286,-0.00006083,0.00100664,0.00015033,-0.00061728,-0.00073511,17:42:17..663,,,,
17:42:17..675,6.16958757,-0.00274,0.00015769,0.00007054,0.00136281,-0.00006044,0.00100628,0.00015033,-0.0006172,-0.00073496,17:42:17..711,,,,
17:42:17..729,6.205788,-0.00274,0.00015761,0.00007143,0.00136285,-0.00006073,0.00100652,0.0001499,-0.00061717,-0.00073492,17:42:17..711,,,,
17:42:17..763,6.09201522,-0.001278,0.00015824,0.00007041,0.00136241,-0.00006121,0.00100683,0.00015053,-0.00061717,-0.00073574,17:42:17..860,,,,
17:42:17..970,6.28336035,-0.001278,0.00015776,0.00006996,0.00136297,-0.00006071,0.00100655,0.00015036,-0.00061684,-0.00073506,17:42:17..860,,,,
17:42:18..004,6.07650075,-0.001766,0.00015743,0.00007108,0.00136283,-0.00006141,0.00100633,0.00014995,-0.00061688,-0.00073528,17:42:18..014,,,,
17:42:18..178,6.21095949,-0.001766,0.00015738,0.0000704,0.0013629,-0.00006091,0.0010062,0.0001499,-0.00061713,-0.00073537,17:42:18..175,,,,
17:42:18..211,6.22130247,-0.000979,0.00015725,0.00007068,0.0013622,-0.00006109,0.00100598,0.00015025,-0.00061723,-0.00073534,17:42:18..220,,,,
17:42:18..398,6.09718671,-0.000979,0.00015763,0.00006962,0.00136237,-0.00006135,0.00100655,0.00015,-0.00061701,-0.00073583,17:42:18..395,,,,
17:42:18..431,6.04030032,-0.000668,0.00015702,0.00006964,0.00136219,-0.00006183,0.00100604,0.00014986,-0.00061719,-0.00073617,17:42:18..438,,,,
17:42:18..604,6.17993055,-0.000668,0.00015703,0.00006982,0.00136208,-0.00006136,0.00100587,0.00014999,-0.0006173,-0.00073538,17:42:18..603,,,,
17:42:18..638,6.24715992,-0.000438,0.00015669,0.00007049,0.0013627,-0.00006097,0.00100618,0.00014969,-0.00061758,-0.00073566,17:42:18..648,,,,
17:42:18..781,6.14373012,-0.000438,0.00015712,0.00007001,0.00136233,-0.00006154,0.0010066,0.00014995,-0.00061712,-0.00073539,17:42:18..779,,,,
17:42:18..812,6.27301737,-0.001083,0.00015658,0.00006973,0.00136197,-0.00006147,0.00100618,0.00015051,-0.00061735,-0.00073596,17:42:18..823,,,,
17:42:18..935,6.12304416,-0.001083,0.00015659,0.0000694,0.00136218,-0.00006169,0.00100588,0.00014997,-0.00061692,-0.0007358,17:42:18..932,,,,
17:42:18..966,6.14890161,-0.001798,0.00015672,0.00007,0.00136196,-0.00006172,0.00100628,0.00015001,-0.00061693,-0.00073563,17:42:18..984,,,,
17:42:19..106,6.21613098,-0.001798,0.00015615,0.00006956,0.00136195,-0.00006131,0.00100597,0.00014992,-0.00061728,-0.00073568,17:42:19..105,,,,
17:42:19..140,6.1023582,-0.001798,0.00015582,0.00006954,0.00136204,-0.00006133,0.001006,0.00014994,-0.00061714,-0.00073607,17:42:19..105,,,,
17:42:19..174,6.31438929,-0.002871,0.00015639,0.0000697,0.00136147,-0.00006163,0.00100563,0.00014948,-0.00061696,-0.00073594,17:42:19..237,,,,
17:42:19..299,6.01444287,-0.002871,0.00015616,0.00006977,0.00136206,-0.00006206,0.00100601,0.00014983,-0.0006175,-0.00073618,17:42:19..323,,,,
17:42:19..341,6.23681694,-0.002871,0.00015613,0.00006899,0.00136232,-0.0000616,0.00100564,0.00014991,-0.0006172,-0.00073599,17:42:19..323,,,,
17:42:19..373,6.08167224,-0.004481,0.00015651,0.00006966,0.00136152,-0.00006184,0.00100529,0.00014969,-0.00061747,-0.00073672,17:42:19..425,,,,
17:42:19..509,6.14373012,-0.004481,0.00015596,0.00006923,0.00136215,-0.00006192,0.00100578,0.00014988,-0.00061721,-0.00073671,17:42:19..506,,,,
17:42:19..541,6.01444287,-0.004923,0.0001561,0.00006902,0.00136201,-0.00006216,0.00100553,0.0001495,-0.00061704,-0.00073613,17:42:19..549,,,,
17:42:19..713,6.16958757,-0.004923,0.00015627,0.00006917,0.00136195,-0.00006153,0.0010055,0.00014996,-0.00061747,-0.00073601,17:42:19..710,,,,
17:42:19..745,6.11270118,-0.005357,0.00015536,0.00006935,0.00136195,-0.00006186,0.00100568,0.00014991,-0.00061719,-0.00073631,17:42:19..756,,,,
17:42:19..918,6.24198843,-0.005357,0.00015605,0.00006934,0.00136152,-0.00006197,0.001006,0.0001498,-0.00061752,-0.00073619,17:42:19..917,,,,
17:42:19..951,6.21613098,-0.005296,0.00015555,0.00006898,0.00136145,-0.00006201,0.00100508,0.00014992,-0.00061739,-0.00073606,17:42:19..961,,,,
17:42:20..059,6.07132926,-0.005296,0.00015557,0.00006973,0.00136155,-0.00006187,0.00100558,0.00014955,-0.00061738,-0.00073665,17:42:20..056,,,,
17:42:20..091,6.15924459,-0.004329,0.00015553,0.00006918,0.00136141,-0.00006222,0.00100505,0.00014925,-0.0006178,-0.00073669,17:42:20..100,,,,
17:42:20..203,6.205788,-0.004329,0.00015565,0.00006916,0.00136138,-0.00006225,0.00100502,0.00015001,-0.00061748,-0.00073652,17:42:20..201,,,,
17:42:20..236,6.07650075,-0.003966,0.00015535,0.00006882,0.00136127,-0.00006223,0.00100504,0.00014945,-0.00061766,-0.00073665,17:42:20..245,,,,
17:42:20..348,6.25233141,-0.003966,0.00015508,0.00006933,0.00136115,-0.00006211,0.00100519,0.00014934,-0.00061743,-0.00073615,17:42:20..346,,,,
17:42:20..382,6.16441608,-0.002585,0.00015551,0.00006845,0.001361,-0.00006256,0.00100481,0.00014982,-0.0006173,-0.00073644,17:42:20..346,,,,
17:42:20..466,6.06098628,-0.002585,0.00015538,0.00006918,0.00136105,-0.00006257,0.00100504,0.00014989,-0.00061719,-0.0007362,17:42:20..523,,,,
17:42:20..530,6.06098628,-0.002585,0.00015556,0.00006912,0.0013616,-0.00006229,0.00100519,0.0001494,-0.00061759,-0.00073639,17:42:20..523,,,,
17:42:20..563,6.06098628,-0.001503,0.00015584,0.00006833,0.00136091,-0.00006245,0.00100457,0.00015024,-0.00061732,-0.00073687,17:42:20..601,,,,
17:42:20..625,6.21095949,-0.00119,0.00015577,0.00006884,0.00136121,-0.0000625,0.00100437,0.00015037,-0.00061762,-0.00073697,17:42:20..644,,,,
17:42:20..683,6.08684373,-0.00119,0.00015542,0.00006837,0.00136116,-0.00006256,0.00100472,0.00015005,-0.00061748,-0.00073623,17:42:20..644,,,,
17:42:20..716,6.22647396,-0.001234,0.00015486,0.0000688,0.00136116,-0.00006284,0.00100458,0.00014959,-0.00061782,-0.00073659,17:42:20..735,,,,
17:42:20..802,6.05581479,-0.001533,0.00015517,0.00006864,0.00136092,-0.00006237,0.0010047,0.00014938,-0.00061815,-0.00073594,17:42:20..859,,,,
17:42:20..868,5.9989284,-0.001716,0.00015533,0.00006891,0.00136113,-0.00006262,0.00100474,0.00015009,-0.00061783,-0.00073651,17:42:20..904,,,,
17:42:20..919,6.12821565,-0.001716,0.00015545,0.00006865,0.00136132,-0.00006252,0.00100474,0.00014962,-0.00061762,-0.0007359,17:42:20..904,,,,
17:42:20..952,6.28853184,-0.002526,0.00015544,0.00006891,0.00136081,-0.00006259,0.00100493,0.00014967,-0.00061794,-0.00073597,17:42:21..014,,,,
17:42:21..029,6.07650075,-0.002891,0.00015512,0.00006825,0.001361,-0.00006242,0.00100457,0.00014964,-0.00061787,-0.00073649,17:42:21..059,,,,
17:42:21..089,6.20061651,-0.003127,0.00015504,0.00006871,0.00136113,-0.00006282,0.00100434,0.00014963,-0.00061781,-0.00073626,17:42:21..095,,,,
17:42:21..153,6.20061651,-0.003268,0.00015479,0.00006949,0.00136099,-0.00006175,0.00100474,0.00014968,-0.00061764,-0.00073601,17:42:21..202,,,,
17:42:21..213,6.08684373,-0.003404,0.00015509,0.00006887,0.00136071,-0.00006233,0.0010046,0.00014976,-0.00061798,-0.00073608,17:42:21..246,,,,
17:42:21..255,6.10752969,-0.003404,0.00015508,0.00006869,0.00136108,-0.00006278,0.00100458,0.00014961,-0.00061809,-0.0007365,17:42:21..246,,,,
17:42:21..288,6.20061651,-0.003489,0.00015531,0.00006861,0.00136095,-0.00006294,0.00100467,0.00014992,-0.00061772,-0.00073663,17:42:21..292,,,,
17:42:21..322,6.19027353,-0.003052,0.00015561,0.00006875,0.00136124,-0.00006268,0.00100476,0.00015006,-0.00061761,-0.00073654,17:42:21..369,,,,
17:42:21..455,6.05581479,-0.003052,0.00015499,0.00006894,0.00136067,-0.00006293,0.00100428,0.00014971,-0.00061783,-0.00073662,17:42:21..455,,,,
17:42:21..489,6.16441608,-0.002549,0.00015508,0.00006916,0.00136102,-0.00006309,0.00100485,0.00015004,-0.00061796,-0.00073602,17:42:21..498,,,,
17:42:21..611,6.05581479,-0.002549,0.00015545,0.00006878,0.0013611,-0.00006279,0.00100445,0.0001497,-0.00061793,-0.00073656,17:42:21..610,,,,
17:42:21..643,6.28336035,-0.002644,0.000155,0.0000685,0.00136086,-0.0000629,0.00100457,0.00014993,-0.00061756,-0.00073651,17:42:21..655,,,,
17:42:21..695,6.08167224,-0.002583,0.00015518,0.00006842,0.00136055,-0.00006297,0.00100472,0.00014968,-0.0006179,-0.00073646,17:42:21..769,,,,
17:42:21..779,6.27818886,-0.002687,0.00015539,0.00006864,0.00136095,-0.00006312,0.00100441,0.00015004,-0.00061746,-0.00073686,17:42:21..815,,,,
17:42:21..818,6.26784588,-0.002687,0.00015546,0.00006824,0.00136057,-0.00006329,0.00100431,0.00014952,-0.00061786,-0.00073661,17:42:21..815,,,,
17:42:21..853,6.1023582,-0.002994,0.0001553,0.00006866,0.00136071,-0.00006317,0.00100517,0.00014944,-0.0006177,-0.00073614,17:42:21..858,,,,
17:42:21..914,6.17475906,-0.003281,0.00015488,0.00006843,0.00136081,-0.00006291,0.00100495,0.0001501,-0.00061793,-0.00073617,17:42:21..913,,,,
17:42:21..964,6.0506433,-0.003281,0.00015484,0.00006893,0.00136112,-0.00006316,0.00100493,0.00014945,-0.00061819,-0.00073595,17:42:21..963,,,,
17:42:21..997,6.24198843,-0.003706,0.0001549,0.00006814,0.00136056,-0.00006359,0.001004,0.00014922,-0.00061822,-0.00073648,17:42:21..963,,,,
17:42:22..030,6.06098628,-0.004325,0.00015505,0.00006847,0.00136057,-0.00006376,0.00100462,0.00014932,-0.00061787,-0.00073663,17:42:22..075,,,,
17:42:22..090,6.20061651,-0.005313,0.00015511,0.00006817,0.00136069,-0.0000635,0.00100448,0.00014987,-0.00061807,-0.00073613,17:42:22..120,,,,
17:42:22..142,6.1023582,-0.005313,0.00015535,0.00006845,0.00136098,-0.00006288,0.00100448,0.00014961,-0.00061795,-0.00073564,17:42:22..120,,,,
17:42:22..175,6.22130247,-0.00546,0.0001553,0.00006866,0.00136066,-0.00006326,0.00100497,0.00014973,-0.00061799,-0.00073655,17:42:22..188,,,,
17:42:22..251,6.08684373,-0.00546,0.00015565,0.00006831,0.00136058,-0.00006357,0.00100475,0.00014957,-0.0006174,-0.00073599,17:42:22..312,,,,
17:42:22..327,6.09718671,-0.00546,0.00015533,0.00006802,0.00136067,-0.00006311,0.00100442,0.00014976,-0.00061808,-0.00073636,17:42:22..312,,,,
17:42:22..360,6.06098628,-0.004609,0.00015556,0.0000682,0.00136071,-0.00006337,0.0010046,0.00014956,-0.00061778,-0.00073664,17:42:22..354,,,,
17:42:22..433,6.11787267,-0.004544,0.00015508,0.00006854,0.00136059,-0.00006337,0.00100465,0.00014936,-0.00061799,-0.00073657,17:42:22..474,,,,
17:42:22..503,6.08167224,-0.004387,0.00015523,0.00006793,0.00136054,-0.00006382,0.0010046,0.00014952,-0.00061793,-0.00073674,17:42:22..538,,,,
17:42:22..545,6.09201522,-0.004387,0.00015559,0.00006791,0.00136048,-0.00006381,0.00100512,0.00014955,-0.00061736,-0.00073646,17:42:22..538,,,,
17:42:22..579,6.23164545,-0.004491,0.00015527,0.00006835,0.00136057,-0.00006384,0.00100496,0.00015,-0.00061777,-0.00073619,17:42:22..582,,,,
17:42:22..657,6.09201522,-0.004484,0.00015508,0.00006784,0.00136044,-0.00006414,0.00100447,0.00014905,-0.00061782,-0.00073674,17:42:22..656,,,,
